store,title,brand,series,model,cpu,ram_gb,storage_gb,price_ils,deal_price_ils,deal_label,storage_type,ram_type,upgradability_score,warranty_months,stock_status,url,image_url
LaptopTech LTS,"93070 - LENOVO IDEAPAD GAMING 3 15IHU6 , מחשבים ניידים לקנייה , מחשבים ניידים למכירה , מחשבים ניידים יד 2 , מחשבים ניידים משומשים , מחשבים ניידים יד 2 לקנייה , מחשבים ניידים יד 2 למכירה , מחשבים ניידים משומשים למכירה , מחשבים ניידים משומשים לקנייה , מחשבים ניידים חדשים למכירה , מחשבים ניידים חדשים לקנייה , מחשב נייד מחודש , מחשב נייד מחודש לקנייה , מחשב נייד מחודש למכירה , מחשב נייד מחודש בזול , מחשב נייד בזול , מחשב נייד מחודש מחיר , מחשב נייד מחיר , תיקונים מחשבים ניידים , תיקון מחשב נייד , מעבדת תיקונים , מעבדת מחשבים , מעבדת מחשבים במרכז , מעבדת מחשבים ברמת גן , מחשבים למכירה , מחשבים לקנייה , מחשבים בזול לקנייה , מחשבים לקנייה מחיר , מעבדת תיקון מחשבים , חנות חלפים למחשבים , חלפים למחשבים , רכישת מחשבים משומשים , מחשבים ניידים לקנייה בזול , מחשבים ניידים למכירה בזול , מחשבים ניידים זולים מחיר",Lenovo,IdeaPad,"93070 - LENOVO IDEAPAD GAMING 3 15IHU6 , מחשבים ניידים לקנייה , מחשבים ניידים למכירה , מחשבים ניידים יד 2 , מחשבים ניידים משומשים , מחשבים ניידים יד 2 לקנייה , מחשבים ניידים יד 2 למכירה , מחשבים ניידים משומשים למכירה , מחשבים ניידים משומשים לקנייה , מחשבים ניידים חדשים למכירה , מחשבים ניידים חדשים לקנייה , מחשב נייד מחודש , מחשב נייד מחודש לקנייה , מחשב נייד מחודש למכירה , מחשב נייד מחודש בזול , מחשב נייד בזול , מחשב נייד מחודש מחיר , מחשב נייד מחיר , תיקונים מחשבים ניידים , תיקון מחשב נייד , מעבדת תיקונים , מעבדת מחשבים , מעבדת מחשבים במרכז , מעבדת מחשבים ברמת גן , מחשבים למכירה , מחשבים לקנייה , מחשבים בזול לקנייה , מחשבים לקנייה מחיר , מעבדת תיקון מחשבים , חנות חלפים למחשבים , חלפים למחשבים , רכישת מחשבים משומשים , מחשבים ניידים לקנייה בזול , מחשבים ניידים למכירה בזול , מחשבים ניידים זולים מחיר",Core i3,16,512,2000,2000,"~2,000 ₪",⚡ M.2 2280 PCIe NVMe (Swappable),Modular / Semi-Modular,7.5,12,🟢 In Stock,https://lts.co.il/פריט/lenovo-ideapad-gaming-3-15ihu6-15-6-amd-16g-500g/,
LaptopTech LTS,"ACER A315-34-C2TQ , מחשבים ניידים לקנייה , מחשבים ניידים למכירה , מחשבים ניידים יד 2 , מחשבים ניידים משומשים , מחשבים ניידים יד 2 לקנייה , מחשבים ניידים יד 2 למכירה , מחשבים ניידים משומשים למכירה , מחשבים ניידים משומשים לקנייה , מחשבים ניידים חדשים למכירה , מחשבים ניידים חדשים לקנייה , מחשב נייד מחודש , מחשב נייד מחודש לקנייה , מחשב נייד מחודש למכירה , מחשב נייד מחודש בזול , מחשב נייד בזול , מחשב נייד מחודש מחיר , מחשב נייד מחיר , תיקונים מחשבים ניידים , תיקון מחשב נייד , מעבדת תיקונים , מעבדת מחשבים , מעבדת מחשבים במרכז , מעבדת מחשבים ברמת גן , מחשבים למכירה , מחשבים לקנייה , מחשבים בזול לקנייה , מחשבים לקנייה מחיר , מעבדת תיקון מחשבים , חנות חלפים למחשבים , חלפים למחשבים , רכישת מחשבים משומשים , מחשבים ניידים לקנייה בזול , מחשבים ניידים למכירה בזול , מחשבים ניידים זולים מחיר",Acer,Business Laptop,"ACER A315-34-C2TQ , מחשבים ניידים לקנייה , מחשבים ניידים למכירה , מחשבים ניידים יד 2 , מחשבים ניידים משומשים , מחשבים ניידים יד 2 לקנייה , מחשבים ניידים יד 2 למכירה , מחשבים ניידים משומשים למכירה , מחשבים ניידים משומשים לקנייה , מחשבים ניידים חדשים למכירה , מחשבים ניידים חדשים לקנייה , מחשב נייד מחודש , מחשב נייד מחודש לקנייה , מחשב נייד מחודש למכירה , מחשב נייד מחודש בזול , מחשב נייד בזול , מחשב נייד מחודש מחיר , מחשב נייד מחיר , תיקונים מחשבים ניידים , תיקון מחשב נייד , מעבדת תיקונים , מעבדת מחשבים , מעבדת מחשבים במרכז , מעבדת מחשבים ברמת גן , מחשבים למכירה , מחשבים לקנייה , מחשבים בזול לקנייה , מחשבים לקנייה מחיר , מעבדת תיקון מחשבים , חנות חלפים למחשבים , חלפים למחשבים , רכישת מחשבים משומשים , מחשבים ניידים לקנייה בזול , מחשבים ניידים למכירה בזול , מחשבים ניידים זולים מחיר",Core i3,16,512,2000,2000,"~2,000 ₪",⚡ M.2 2280 PCIe NVMe (Swappable),Modular / Semi-Modular,7.5,12,🟢 In Stock,https://lts.co.il/פריט/acer-a315-34-c2tq-15-6-celeron-12g-250g/,
LaptopTech LTS,"93430 - ACER A517-52G-51E7 , מחשבים ניידים לקנייה , מחשבים ניידים למכירה , מחשבים ניידים יד 2 , מחשבים ניידים משומשים , מחשבים ניידים יד 2 לקנייה , מחשבים ניידים יד 2 למכירה , מחשבים ניידים משומשים למכירה , מחשבים ניידים משומשים לקנייה , מחשבים ניידים חדשים למכירה , מחשבים ניידים חדשים לקנייה , מחשב נייד מחודש , מחשב נייד מחודש לקנייה , מחשב נייד מחודש למכירה , מחשב נייד מחודש בזול , מחשב נייד בזול , מחשב נייד מחודש מחיר , מחשב נייד מחיר , תיקונים מחשבים ניידים , תיקון מחשב נייד , מעבדת תיקונים , מעבדת מחשבים , מעבדת מחשבים במרכז , מעבדת מחשבים ברמת גן , מחשבים למכירה , מחשבים לקנייה , מחשבים בזול לקנייה , מחשבים לקנייה מחיר , מעבדת תיקון מחשבים , חנות חלפים למחשבים , חלפים למחשבים , רכישת מחשבים משומשים , מחשבים ניידים לקנייה בזול , מחשבים ניידים למכירה בזול , מחשבים ניידים זולים מחיר",Acer,Business Laptop,"93430 - ACER A517-52G-51E7 , מחשבים ניידים לקנייה , מחשבים ניידים למכירה , מחשבים ניידים יד 2 , מחשבים ניידים משומשים , מחשבים ניידים יד 2 לקנייה , מחשבים ניידים יד 2 למכירה , מחשבים ניידים משומשים למכירה , מחשבים ניידים משומשים לקנייה , מחשבים ניידים חדשים למכירה , מחשבים ניידים חדשים לקנייה , מחשב נייד מחודש , מחשב נייד מחודש לקנייה , מחשב נייד מחודש למכירה , מחשב נייד מחודש בזול , מחשב נייד בזול , מחשב נייד מחודש מחיר , מחשב נייד מחיר , תיקונים מחשבים ניידים , תיקון מחשב נייד , מעבדת תיקונים , מעבדת מחשבים , מעבדת מחשבים במרכז , מעבדת מחשבים ברמת גן , מחשבים למכירה , מחשבים לקנייה , מחשבים בזול לקנייה , מחשבים לקנייה מחיר , מעבדת תיקון מחשבים , חנות חלפים למחשבים , חלפים למחשבים , רכישת מחשבים משומשים , מחשבים ניידים לקנייה בזול , מחשבים ניידים למכירה בזול , מחשבים ניידים זולים מחיר",Core i3,16,512,1700,1700,"~1,700 ₪",⚡ M.2 2280 PCIe NVMe (Swappable),2x SODIMM Slots (up to 64GB),9.0,12,🟢 In Stock,https://lts.co.il/פריט/acer-a517-52g-51e7-17-3-i5-8gb-1tb/,
LaptopTech LTS,"93300 - ACER SFX14-41G-1RS6 , מחשבים ניידים לקנייה , מחשבים ניידים למכירה , מחשבים ניידים יד 2 , מחשבים ניידים משומשים , מחשבים ניידים יד 2 לקנייה , מחשבים ניידים יד 2 למכירה , מחשבים ניידים משומשים למכירה , מחשבים ניידים משומשים לקנייה , מחשבים ניידים חדשים למכירה , מחשבים ניידים חדשים לקנייה , מחשב נייד מחודש , מחשב נייד מחודש לקנייה , מחשב נייד מחודש למכירה , מחשב נייד מחודש בזול , מחשב נייד בזול , מחשב נייד מחודש מחיר , מחשב נייד מחיר , תיקונים מחשבים ניידים , תיקון מחשב נייד , מעבדת תיקונים , מעבדת מחשבים , מעבדת מחשבים במרכז , מעבדת מחשבים ברמת גן , מחשבים למכירה , מחשבים לקנייה , מחשבים בזול לקנייה , מחשבים לקנייה מחיר , מעבדת תיקון מחשבים , חנות חלפים למחשבים , חלפים למחשבים , רכישת מחשבים משומשים , מחשבים ניידים לקנייה בזול , מחשבים ניידים למכירה בזול , מחשבים ניידים זולים מחיר",Acer,Business Laptop,"93300 - ACER SFX14-41G-1RS6 , מחשבים ניידים לקנייה , מחשבים ניידים למכירה , מחשבים ניידים יד 2 , מחשבים ניידים משומשים , מחשבים ניידים יד 2 לקנייה , מחשבים ניידים יד 2 למכירה , מחשבים ניידים משומשים למכירה , מחשבים ניידים משומשים לקנייה , מחשבים ניידים חדשים למכירה , מחשבים ניידים חדשים לקנייה , מחשב נייד מחודש , מחשב נייד מחודש לקנייה , מחשב נייד מחודש למכירה , מחשב נייד מחודש בזול , מחשב נייד בזול , מחשב נייד מחודש מחיר , מחשב נייד מחיר , תיקונים מחשבים ניידים , תיקון מחשב נייד , מעבדת תיקונים , מעבדת מחשבים , מעבדת מחשבים במרכז , מעבדת מחשבים ברמת גן , מחשבים למכירה , מחשבים לקנייה , מחשבים בזול לקנייה , מחשבים לקנייה מחיר , מעבדת תיקון מחשבים , חנות חלפים למחשבים , חלפים למחשבים , רכישת מחשבים משומשים , מחשבים ניידים לקנייה בזול , מחשבים ניידים למכירה בזול , מחשבים ניידים זולים מחיר",Core i3,16,512,2000,2000,"~2,000 ₪",⚡ M.2 2280 PCIe NVMe (Swappable),Modular / Semi-Modular,7.5,12,🟢 In Stock,https://lts.co.il/פריט/acer-sfx14-41g-1rs6-14-amd-16g-500g/,
LaptopTech LTS,"93390 - ASUS VIVOBOOK E1504GA-NJ , מחשבים ניידים לקנייה , מחשבים ניידים למכירה , מחשבים ניידים יד 2 , מחשבים ניידים משומשים , מחשבים ניידים יד 2 לקנייה , מחשבים ניידים יד 2 למכירה , מחשבים ניידים משומשים למכירה , מחשבים ניידים משומשים לקנייה , מחשבים ניידים חדשים למכירה , מחשבים ניידים חדשים לקנייה , מחשב נייד מחודש , מחשב נייד מחודש לקנייה , מחשב נייד מחודש למכירה , מחשב נייד מחודש בזול , מחשב נייד בזול , מחשב נייד מחודש מחיר , מחשב נייד מחיר , תיקונים מחשבים ניידים , תיקון מחשב נייד , מעבדת תיקונים , מעבדת מחשבים , מעבדת מחשבים במרכז , מעבדת מחשבים ברמת גן , מחשבים למכירה , מחשבים לקנייה , מחשבים בזול לקנייה , מחשבים לקנייה מחיר , מעבדת תיקון מחשבים , חנות חלפים למחשבים , חלפים למחשבים , רכישת מחשבים משומשים , מחשבים ניידים לקנייה בזול , מחשבים ניידים למכירה בזול , מחשבים ניידים זולים מחיר",Asus,Business Laptop,"93390 - ASUS VIVOBOOK E1504GA-NJ , מחשבים ניידים לקנייה , מחשבים ניידים למכירה , מחשבים ניידים יד 2 , מחשבים ניידים משומשים , מחשבים ניידים יד 2 לקנייה , מחשבים ניידים יד 2 למכירה , מחשבים ניידים משומשים למכירה , מחשבים ניידים משומשים לקנייה , מחשבים ניידים חדשים למכירה , מחשבים ניידים חדשים לקנייה , מחשב נייד מחודש , מחשב נייד מחודש לקנייה , מחשב נייד מחודש למכירה , מחשב נייד מחודש בזול , מחשב נייד בזול , מחשב נייד מחודש מחיר , מחשב נייד מחיר , תיקונים מחשבים ניידים , תיקון מחשב נייד , מעבדת תיקונים , מעבדת מחשבים , מעבדת מחשבים במרכז , מעבדת מחשבים ברמת גן , מחשבים למכירה , מחשבים לקנייה , מחשבים בזול לקנייה , מחשבים לקנייה מחיר , מעבדת תיקון מחשבים , חנות חלפים למחשבים , חלפים למחשבים , רכישת מחשבים משומשים , מחשבים ניידים לקנייה בזול , מחשבים ניידים למכירה בזול , מחשבים ניידים זולים מחיר",Core i3,16,512,2000,2000,"~2,000 ₪",⚡ M.2 2280 PCIe NVMe (Swappable),Modular / Semi-Modular,7.5,12,🟢 In Stock,https://lts.co.il/פריט/asus-vivobook-e1504ga-nj-15-6-i3-8gb-250gb/,
LaptopTech LTS,"93320 - ASUS X1404ZA-NK , מחשבים ניידים לקנייה , מחשבים ניידים למכירה , מחשבים ניידים יד 2 , מחשבים ניידים משומשים , מחשבים ניידים יד 2 לקנייה , מחשבים ניידים יד 2 למכירה , מחשבים ניידים משומשים למכירה , מחשבים ניידים משומשים לקנייה , מחשבים ניידים חדשים למכירה , מחשבים ניידים חדשים לקנייה , מחשב נייד מחודש , מחשב נייד מחודש לקנייה , מחשב נייד מחודש למכירה , מחשב נייד מחודש בזול , מחשב נייד בזול , מחשב נייד מחודש מחיר , מחשב נייד מחיר , תיקונים מחשבים ניידים , תיקון מחשב נייד , מעבדת תיקונים , מעבדת מחשבים , מעבדת מחשבים במרכז , מעבדת מחשבים ברמת גן , מחשבים למכירה , מחשבים לקנייה , מחשבים בזול לקנייה , מחשבים לקנייה מחיר , מעבדת תיקון מחשבים , חנות חלפים למחשבים , חלפים למחשבים , רכישת מחשבים משומשים , מחשבים ניידים לקנייה בזול , מחשבים ניידים למכירה בזול , מחשבים ניידים זולים מחיר",Asus,Business Laptop,"93320 - ASUS X1404ZA-NK , מחשבים ניידים לקנייה , מחשבים ניידים למכירה , מחשבים ניידים יד 2 , מחשבים ניידים משומשים , מחשבים ניידים יד 2 לקנייה , מחשבים ניידים יד 2 למכירה , מחשבים ניידים משומשים למכירה , מחשבים ניידים משומשים לקנייה , מחשבים ניידים חדשים למכירה , מחשבים ניידים חדשים לקנייה , מחשב נייד מחודש , מחשב נייד מחודש לקנייה , מחשב נייד מחודש למכירה , מחשב נייד מחודש בזול , מחשב נייד בזול , מחשב נייד מחודש מחיר , מחשב נייד מחיר , תיקונים מחשבים ניידים , תיקון מחשב נייד , מעבדת תיקונים , מעבדת מחשבים , מעבדת מחשבים במרכז , מעבדת מחשבים ברמת גן , מחשבים למכירה , מחשבים לקנייה , מחשבים בזול לקנייה , מחשבים לקנייה מחיר , מעבדת תיקון מחשבים , חנות חלפים למחשבים , חלפים למחשבים , רכישת מחשבים משומשים , מחשבים ניידים לקנייה בזול , מחשבים ניידים למכירה בזול , מחשבים ניידים זולים מחיר",Core i3,16,512,2000,2000,"~2,000 ₪",⚡ M.2 2280 PCIe NVMe (Swappable),Modular / Semi-Modular,7.5,12,🟢 In Stock,https://lts.co.il/פריט/asus-x1404za-nk-14-i5-16gb-500gb/,
LaptopTech LTS,"93080 - ASUS X442UR , מחשבים ניידים לקנייה , מחשבים ניידים למכירה , מחשבים ניידים יד 2 , מחשבים ניידים משומשים , מחשבים ניידים יד 2 לקנייה , מחשבים ניידים יד 2 למכירה , מחשבים ניידים משומשים למכירה , מחשבים ניידים משומשים לקנייה , מחשבים ניידים חדשים למכירה , מחשבים ניידים חדשים לקנייה , מחשב נייד מחודש , מחשב נייד מחודש לקנייה , מחשב נייד מחודש למכירה , מחשב נייד מחודש בזול , מחשב נייד בזול , מחשב נייד מחודש מחיר , מחשב נייד מחיר , תיקונים מחשבים ניידים , תיקון מחשב נייד , מעבדת תיקונים , מעבדת מחשבים , מעבדת מחשבים במרכז , מעבדת מחשבים ברמת גן , מחשבים למכירה , מחשבים לקנייה , מחשבים בזול לקנייה , מחשבים לקנייה מחיר , מעבדת תיקון מחשבים , חנות חלפים למחשבים , חלפים למחשבים , רכישת מחשבים משומשים , מחשבים ניידים לקנייה בזול , מחשבים ניידים למכירה בזול , מחשבים ניידים זולים מחיר",Asus,Business Laptop,"93080 - ASUS X442UR , מחשבים ניידים לקנייה , מחשבים ניידים למכירה , מחשבים ניידים יד 2 , מחשבים ניידים משומשים , מחשבים ניידים יד 2 לקנייה , מחשבים ניידים יד 2 למכירה , מחשבים ניידים משומשים למכירה , מחשבים ניידים משומשים לקנייה , מחשבים ניידים חדשים למכירה , מחשבים ניידים חדשים לקנייה , מחשב נייד מחודש , מחשב נייד מחודש לקנייה , מחשב נייד מחודש למכירה , מחשב נייד מחודש בזול , מחשב נייד בזול , מחשב נייד מחודש מחיר , מחשב נייד מחיר , תיקונים מחשבים ניידים , תיקון מחשב נייד , מעבדת תיקונים , מעבדת מחשבים , מעבדת מחשבים במרכז , מעבדת מחשבים ברמת גן , מחשבים למכירה , מחשבים לקנייה , מחשבים בזול לקנייה , מחשבים לקנייה מחיר , מעבדת תיקון מחשבים , חנות חלפים למחשבים , חלפים למחשבים , רכישת מחשבים משומשים , מחשבים ניידים לקנייה בזול , מחשבים ניידים למכירה בזול , מחשבים ניידים זולים מחיר",Core i3,16,512,2000,2000,"~2,000 ₪",⚡ M.2 2280 PCIe NVMe (Swappable),Modular / Semi-Modular,7.5,12,🟢 In Stock,https://lts.co.il/פריט/asus-x442ur-14-i5-8g-250g/,
LaptopTech LTS,"93410 - ASUS X515EA-EJ , מחשבים ניידים לקנייה , מחשבים ניידים למכירה , מחשבים ניידים יד 2 , מחשבים ניידים משומשים , מחשבים ניידים יד 2 לקנייה , מחשבים ניידים יד 2 למכירה , מחשבים ניידים משומשים למכירה , מחשבים ניידים משומשים לקנייה , מחשבים ניידים חדשים למכירה , מחשבים ניידים חדשים לקנייה , מחשב נייד מחודש , מחשב נייד מחודש לקנייה , מחשב נייד מחודש למכירה , מחשב נייד מחודש בזול , מחשב נייד בזול , מחשב נייד מחודש מחיר , מחשב נייד מחיר , תיקונים מחשבים ניידים , תיקון מחשב נייד , מעבדת תיקונים , מעבדת מחשבים , מעבדת מחשבים במרכז , מעבדת מחשבים ברמת גן , מחשבים למכירה , מחשבים לקנייה , מחשבים בזול לקנייה , מחשבים לקנייה מחיר , מעבדת תיקון מחשבים , חנות חלפים למחשבים , חלפים למחשבים , רכישת מחשבים משומשים , מחשבים ניידים לקנייה בזול , מחשבים ניידים למכירה בזול , מחשבים ניידים זולים מחיר",Asus,Business Laptop,"93410 - ASUS X515EA-EJ , מחשבים ניידים לקנייה , מחשבים ניידים למכירה , מחשבים ניידים יד 2 , מחשבים ניידים משומשים , מחשבים ניידים יד 2 לקנייה , מחשבים ניידים יד 2 למכירה , מחשבים ניידים משומשים למכירה , מחשבים ניידים משומשים לקנייה , מחשבים ניידים חדשים למכירה , מחשבים ניידים חדשים לקנייה , מחשב נייד מחודש , מחשב נייד מחודש לקנייה , מחשב נייד מחודש למכירה , מחשב נייד מחודש בזול , מחשב נייד בזול , מחשב נייד מחודש מחיר , מחשב נייד מחיר , תיקונים מחשבים ניידים , תיקון מחשב נייד , מעבדת תיקונים , מעבדת מחשבים , מעבדת מחשבים במרכז , מעבדת מחשבים ברמת גן , מחשבים למכירה , מחשבים לקנייה , מחשבים בזול לקנייה , מחשבים לקנייה מחיר , מעבדת תיקון מחשבים , חנות חלפים למחשבים , חלפים למחשבים , רכישת מחשבים משומשים , מחשבים ניידים לקנייה בזול , מחשבים ניידים למכירה בזול , מחשבים ניידים זולים מחיר",Core i3,16,512,2000,2000,"~2,000 ₪",⚡ M.2 2280 PCIe NVMe (Swappable),Modular / Semi-Modular,7.5,12,🟢 In Stock,https://lts.co.il/פריט/asus-x515ea-ej-15-6-i3-8gb-250gb/,
LaptopTech LTS,"93310 - DELL Inspiron 13 5379 2-in-1 TOUCH , מחשבים ניידים לקנייה , מחשבים ניידים למכירה , מחשבים ניידים יד 2 , מחשבים ניידים משומשים , מחשבים ניידים יד 2 לקנייה , מחשבים ניידים יד 2 למכירה , מחשבים ניידים משומשים למכירה , מחשבים ניידים משומשים לקנייה , מחשבים ניידים חדשים למכירה , מחשבים ניידים חדשים לקנייה , מחשב נייד מחודש , מחשב נייד מחודש לקנייה , מחשב נייד מחודש למכירה , מחשב נייד מחודש בזול , מחשב נייד בזול , מחשב נייד מחודש מחיר , מחשב נייד מחיר , תיקונים מחשבים ניידים , תיקון מחשב נייד , מעבדת תיקונים , מעבדת מחשבים , מעבדת מחשבים במרכז , מעבדת מחשבים ברמת גן , מחשבים למכירה , מחשבים לקנייה , מחשבים בזול לקנייה , מחשבים לקנייה מחיר , מעבדת תיקון מחשבים , חנות חלפים למחשבים , חלפים למחשבים , רכישת מחשבים משומשים , מחשבים ניידים לקנייה בזול , מחשבים ניידים למכירה בזול , מחשבים ניידים זולים מחיר",Dell,Business Laptop,"93310 - DELL Inspiron 13 5379 2-in-1 TOUCH , מחשבים ניידים לקנייה , מחשבים ניידים למכירה , מחשבים ניידים יד 2 , מחשבים ניידים משומשים , מחשבים ניידים יד 2 לקנייה , מחשבים ניידים יד 2 למכירה , מחשבים ניידים משומשים למכירה , מחשבים ניידים משומשים לקנייה , מחשבים ניידים חדשים למכירה , מחשבים ניידים חדשים לקנייה , מחשב נייד מחודש , מחשב נייד מחודש לקנייה , מחשב נייד מחודש למכירה , מחשב נייד מחודש בזול , מחשב נייד בזול , מחשב נייד מחודש מחיר , מחשב נייד מחיר , תיקונים מחשבים ניידים , תיקון מחשב נייד , מעבדת תיקונים , מעבדת מחשבים , מעבדת מחשבים במרכז , מעבדת מחשבים ברמת גן , מחשבים למכירה , מחשבים לקנייה , מחשבים בזול לקנייה , מחשבים לקנייה מחיר , מעבדת תיקון מחשבים , חנות חלפים למחשבים , חלפים למחשבים , רכישת מחשבים משומשים , מחשבים ניידים לקנייה בזול , מחשבים ניידים למכירה בזול , מחשבים ניידים זולים מחיר",Core i3,16,512,2000,2000,"~2,000 ₪",⚡ M.2 2280 PCIe NVMe (Swappable),Modular / Semi-Modular,7.5,12,🟢 In Stock,https://lts.co.il/פריט/dell-inspiron-13-5379-2-in-1-touch-13-3-i7-8gb-250gb/,
LaptopTech LTS,"93270 - DELL INSPIRON 15 3511 , מחשבים ניידים לקנייה , מחשבים ניידים למכירה , מחשבים ניידים יד 2 , מחשבים ניידים משומשים , מחשבים ניידים יד 2 לקנייה , מחשבים ניידים יד 2 למכירה , מחשבים ניידים משומשים למכירה , מחשבים ניידים משומשים לקנייה , מחשבים ניידים חדשים למכירה , מחשבים ניידים חדשים לקנייה , מחשב נייד מחודש , מחשב נייד מחודש לקנייה , מחשב נייד מחודש למכירה , מחשב נייד מחודש בזול , מחשב נייד בזול , מחשב נייד מחודש מחיר , מחשב נייד מחיר , תיקונים מחשבים ניידים , תיקון מחשב נייד , מעבדת תיקונים , מעבדת מחשבים , מעבדת מחשבים במרכז , מעבדת מחשבים ברמת גן , מחשבים למכירה , מחשבים לקנייה , מחשבים בזול לקנייה , מחשבים לקנייה מחיר , מעבדת תיקון מחשבים , חנות חלפים למחשבים , חלפים למחשבים , רכישת מחשבים משומשים , מחשבים ניידים לקנייה בזול , מחשבים ניידים למכירה בזול , מחשבים ניידים זולים מחיר",Dell,Business Laptop,"93270 - DELL INSPIRON 15 3511 , מחשבים ניידים לקנייה , מחשבים ניידים למכירה , מחשבים ניידים יד 2 , מחשבים ניידים משומשים , מחשבים ניידים יד 2 לקנייה , מחשבים ניידים יד 2 למכירה , מחשבים ניידים משומשים למכירה , מחשבים ניידים משומשים לקנייה , מחשבים ניידים חדשים למכירה , מחשבים ניידים חדשים לקנייה , מחשב נייד מחודש , מחשב נייד מחודש לקנייה , מחשב נייד מחודש למכירה , מחשב נייד מחודש בזול , מחשב נייד בזול , מחשב נייד מחודש מחיר , מחשב נייד מחיר , תיקונים מחשבים ניידים , תיקון מחשב נייד , מעבדת תיקונים , מעבדת מחשבים , מעבדת מחשבים במרכז , מעבדת מחשבים ברמת גן , מחשבים למכירה , מחשבים לקנייה , מחשבים בזול לקנייה , מחשבים לקנייה מחיר , מעבדת תיקון מחשבים , חנות חלפים למחשבים , חלפים למחשבים , רכישת מחשבים משומשים , מחשבים ניידים לקנייה בזול , מחשבים ניידים למכירה בזול , מחשבים ניידים זולים מחיר",Core i3,16,512,2000,2000,"~2,000 ₪",⚡ M.2 2280 PCIe NVMe (Swappable),Modular / Semi-Modular,7.5,12,🟢 In Stock,https://lts.co.il/פריט/dell-inspiron-15-3511-15-6-i5-8g-250g/,
LaptopTech LTS,"93400 - DELL LATITUDE E7440 TOUCH , מחשבים ניידים לקנייה , מחשבים ניידים למכירה , מחשבים ניידים יד 2 , מחשבים ניידים משומשים , מחשבים ניידים יד 2 לקנייה , מחשבים ניידים יד 2 למכירה , מחשבים ניידים משומשים למכירה , מחשבים ניידים משומשים לקנייה , מחשבים ניידים חדשים למכירה , מחשבים ניידים חדשים לקנייה , מחשב נייד מחודש , מחשב נייד מחודש לקנייה , מחשב נייד מחודש למכירה , מחשב נייד מחודש בזול , מחשב נייד בזול , מחשב נייד מחודש מחיר , מחשב נייד מחיר , תיקונים מחשבים ניידים , תיקון מחשב נייד , מעבדת תיקונים , מעבדת מחשבים , מעבדת מחשבים במרכז , מעבדת מחשבים ברמת גן , מחשבים למכירה , מחשבים לקנייה , מחשבים בזול לקנייה , מחשבים לקנייה מחיר , מעבדת תיקון מחשבים , חנות חלפים למחשבים , חלפים למחשבים , רכישת מחשבים משומשים , מחשבים ניידים לקנייה בזול , מחשבים ניידים למכירה בזול , מחשבים ניידים זולים מחיר",Dell,Latitude,"93400 - DELL LATITUDE E7440 TOUCH , מחשבים ניידים לקנייה , מחשבים ניידים למכירה , מחשבים ניידים יד 2 , מחשבים ניידים משומשים , מחשבים ניידים יד 2 לקנייה , מחשבים ניידים יד 2 למכירה , מחשבים ניידים משומשים למכירה , מחשבים ניידים משומשים לקנייה , מחשבים ניידים חדשים למכירה , מחשבים ניידים חדשים לקנייה , מחשב נייד מחודש , מחשב נייד מחודש לקנייה , מחשב נייד מחודש למכירה , מחשב נייד מחודש בזול , מחשב נייד בזול , מחשב נייד מחודש מחיר , מחשב נייד מחיר , תיקונים מחשבים ניידים , תיקון מחשב נייד , מעבדת תיקונים , מעבדת מחשבים , מעבדת מחשבים במרכז , מעבדת מחשבים ברמת גן , מחשבים למכירה , מחשבים לקנייה , מחשבים בזול לקנייה , מחשבים לקנייה מחיר , מעבדת תיקון מחשבים , חנות חלפים למחשבים , חלפים למחשבים , רכישת מחשבים משומשים , מחשבים ניידים לקנייה בזול , מחשבים ניידים למכירה בזול , מחשבים ניידים זולים מחיר",Core i3 (4th Gen),16,512,1000,1000,"~1,000 ₪","🐢 2.5"" SATA SSD / Bay",2x SODIMM Slots,8.0,12,🟢 In Stock,https://lts.co.il/פריט/dell-latitude-e7440-touch-14-i5-8gb-500gb/,
LaptopTech LTS,"93350 - DELL VOSTRO 3591 , מחשבים ניידים לקנייה , מחשבים ניידים למכירה , מחשבים ניידים יד 2 , מחשבים ניידים משומשים , מחשבים ניידים יד 2 לקנייה , מחשבים ניידים יד 2 למכירה , מחשבים ניידים משומשים למכירה , מחשבים ניידים משומשים לקנייה , מחשבים ניידים חדשים למכירה , מחשבים ניידים חדשים לקנייה , מחשב נייד מחודש , מחשב נייד מחודש לקנייה , מחשב נייד מחודש למכירה , מחשב נייד מחודש בזול , מחשב נייד בזול , מחשב נייד מחודש מחיר , מחשב נייד מחיר , תיקונים מחשבים ניידים , תיקון מחשב נייד , מעבדת תיקונים , מעבדת מחשבים , מעבדת מחשבים במרכז , מעבדת מחשבים ברמת גן , מחשבים למכירה , מחשבים לקנייה , מחשבים בזול לקנייה , מחשבים לקנייה מחיר , מעבדת תיקון מחשבים , חנות חלפים למחשבים , חלפים למחשבים , רכישת מחשבים משומשים , מחשבים ניידים לקנייה בזול , מחשבים ניידים למכירה בזול , מחשבים ניידים זולים מחיר",Dell,Business Laptop,"93350 - DELL VOSTRO 3591 , מחשבים ניידים לקנייה , מחשבים ניידים למכירה , מחשבים ניידים יד 2 , מחשבים ניידים משומשים , מחשבים ניידים יד 2 לקנייה , מחשבים ניידים יד 2 למכירה , מחשבים ניידים משומשים למכירה , מחשבים ניידים משומשים לקנייה , מחשבים ניידים חדשים למכירה , מחשבים ניידים חדשים לקנייה , מחשב נייד מחודש , מחשב נייד מחודש לקנייה , מחשב נייד מחודש למכירה , מחשב נייד מחודש בזול , מחשב נייד בזול , מחשב נייד מחודש מחיר , מחשב נייד מחיר , תיקונים מחשבים ניידים , תיקון מחשב נייד , מעבדת תיקונים , מעבדת מחשבים , מעבדת מחשבים במרכז , מעבדת מחשבים ברמת גן , מחשבים למכירה , מחשבים לקנייה , מחשבים בזול לקנייה , מחשבים לקנייה מחיר , מעבדת תיקון מחשבים , חנות חלפים למחשבים , חלפים למחשבים , רכישת מחשבים משומשים , מחשבים ניידים לקנייה בזול , מחשבים ניידים למכירה בזול , מחשבים ניידים זולים מחיר",Core i3,16,512,2000,2000,"~2,000 ₪",⚡ M.2 2280 PCIe NVMe (Swappable),Modular / Semi-Modular,7.5,12,🟢 In Stock,https://lts.co.il/פריט/dell-vostro-3591-15-6-i5-8gb-250gb/,
LaptopTech LTS,"92900 - HP 15-AY010NJ , מחשבים ניידים לקנייה , מחשבים ניידים למכירה , מחשבים ניידים יד 2 , מחשבים ניידים משומשים , מחשבים ניידים יד 2 לקנייה , מחשבים ניידים יד 2 למכירה , מחשבים ניידים משומשים למכירה , מחשבים ניידים משומשים לקנייה , מחשבים ניידים חדשים למכירה , מחשבים ניידים חדשים לקנייה , מחשב נייד מחודש , מחשב נייד מחודש לקנייה , מחשב נייד מחודש למכירה , מחשב נייד מחודש בזול , מחשב נייד בזול , מחשב נייד מחודש מחיר , מחשב נייד מחיר , תיקונים מחשבים ניידים , תיקון מחשב נייד , מעבדת תיקונים , מעבדת מחשבים , מעבדת מחשבים במרכז , מעבדת מחשבים ברמת גן , מחשבים למכירה , מחשבים לקנייה , מחשבים בזול לקנייה , מחשבים לקנייה מחיר , מעבדת תיקון מחשבים , חנות חלפים למחשבים , חלפים למחשבים , רכישת מחשבים משומשים , מחשבים ניידים לקנייה בזול , מחשבים ניידים למכירה בזול , מחשבים ניידים זולים מחיר",HP,Business Laptop,"92900 - HP 15-AY010NJ , מחשבים ניידים לקנייה , מחשבים ניידים למכירה , מחשבים ניידים יד 2 , מחשבים ניידים משומשים , מחשבים ניידים יד 2 לקנייה , מחשבים ניידים יד 2 למכירה , מחשבים ניידים משומשים למכירה , מחשבים ניידים משומשים לקנייה , מחשבים ניידים חדשים למכירה , מחשבים ניידים חדשים לקנייה , מחשב נייד מחודש , מחשב נייד מחודש לקנייה , מחשב נייד מחודש למכירה , מחשב נייד מחודש בזול , מחשב נייד בזול , מחשב נייד מחודש מחיר , מחשב נייד מחיר , תיקונים מחשבים ניידים , תיקון מחשב נייד , מעבדת תיקונים , מעבדת מחשבים , מעבדת מחשבים במרכז , מעבדת מחשבים ברמת גן , מחשבים למכירה , מחשבים לקנייה , מחשבים בזול לקנייה , מחשבים לקנייה מחיר , מעבדת תיקון מחשבים , חנות חלפים למחשבים , חלפים למחשבים , רכישת מחשבים משומשים , מחשבים ניידים לקנייה בזול , מחשבים ניידים למכירה בזול , מחשבים ניידים זולים מחיר",Core i3,16,512,2000,2000,"~2,000 ₪",⚡ M.2 2280 PCIe NVMe (Swappable),Modular / Semi-Modular,7.5,12,🟢 In Stock,https://lts.co.il/פריט/hp-15-ay010nj-15-6-i3-8g-250g/,
LaptopTech LTS,"93370 - HP 250 G7 , מחשבים ניידים לקנייה , מחשבים ניידים למכירה , מחשבים ניידים יד 2 , מחשבים ניידים משומשים , מחשבים ניידים יד 2 לקנייה , מחשבים ניידים יד 2 למכירה , מחשבים ניידים משומשים למכירה , מחשבים ניידים משומשים לקנייה , מחשבים ניידים חדשים למכירה , מחשבים ניידים חדשים לקנייה , מחשב נייד מחודש , מחשב נייד מחודש לקנייה , מחשב נייד מחודש למכירה , מחשב נייד מחודש בזול , מחשב נייד בזול , מחשב נייד מחודש מחיר , מחשב נייד מחיר , תיקונים מחשבים ניידים , תיקון מחשב נייד , מעבדת תיקונים , מעבדת מחשבים , מעבדת מחשבים במרכז , מעבדת מחשבים ברמת גן , מחשבים למכירה , מחשבים לקנייה , מחשבים בזול לקנייה , מחשבים לקנייה מחיר , מעבדת תיקון מחשבים , חנות חלפים למחשבים , חלפים למחשבים , רכישת מחשבים משומשים , מחשבים ניידים לקנייה בזול , מחשבים ניידים למכירה בזול , מחשבים ניידים זולים מחיר",HP,Business Laptop,"93370 - HP 250 G7 , מחשבים ניידים לקנייה , מחשבים ניידים למכירה , מחשבים ניידים יד 2 , מחשבים ניידים משומשים , מחשבים ניידים יד 2 לקנייה , מחשבים ניידים יד 2 למכירה , מחשבים ניידים משומשים למכירה , מחשבים ניידים משומשים לקנייה , מחשבים ניידים חדשים למכירה , מחשבים ניידים חדשים לקנייה , מחשב נייד מחודש , מחשב נייד מחודש לקנייה , מחשב נייד מחודש למכירה , מחשב נייד מחודש בזול , מחשב נייד בזול , מחשב נייד מחודש מחיר , מחשב נייד מחיר , תיקונים מחשבים ניידים , תיקון מחשב נייד , מעבדת תיקונים , מעבדת מחשבים , מעבדת מחשבים במרכז , מעבדת מחשבים ברמת גן , מחשבים למכירה , מחשבים לקנייה , מחשבים בזול לקנייה , מחשבים לקנייה מחיר , מעבדת תיקון מחשבים , חנות חלפים למחשבים , חלפים למחשבים , רכישת מחשבים משומשים , מחשבים ניידים לקנייה בזול , מחשבים ניידים למכירה בזול , מחשבים ניידים זולים מחיר",Core i3 (10th Gen),16,250,2000,2000,"~2,000 ₪",⚡ M.2 2280 PCIe NVMe (Swappable),Modular / Semi-Modular,7.5,12,🟢 In Stock,https://lts.co.il/פריט/hp-250-g7-15-6-amd-8gb-250gb/,
LaptopTech LTS,"HP 255 G5 , מחשבים ניידים לקנייה , מחשבים ניידים למכירה , מחשבים ניידים יד 2 , מחשבים ניידים משומשים , מחשבים ניידים יד 2 לקנייה , מחשבים ניידים יד 2 למכירה , מחשבים ניידים משומשים למכירה , מחשבים ניידים משומשים לקנייה , מחשבים ניידים חדשים למכירה , מחשבים ניידים חדשים לקנייה , מחשב נייד מחודש , מחשב נייד מחודש לקנייה , מחשב נייד מחודש למכירה , מחשב נייד מחודש בזול , מחשב נייד בזול , מחשב נייד מחודש מחיר , מחשב נייד מחיר , תיקונים מחשבים ניידים , תיקון מחשב נייד , מעבדת תיקונים , מעבדת מחשבים , מעבדת מחשבים במרכז , מעבדת מחשבים ברמת גן , מחשבים למכירה , מחשבים לקנייה , מחשבים בזול לקנייה , מחשבים לקנייה מחיר , מעבדת תיקון מחשבים , חנות חלפים למחשבים , חלפים למחשבים , רכישת מחשבים משומשים , מחשבים ניידים לקנייה בזול , מחשבים ניידים למכירה בזול , מחשבים ניידים זולים מחיר",HP,Business Laptop,"HP 255 G5 , מחשבים ניידים לקנייה , מחשבים ניידים למכירה , מחשבים ניידים יד 2 , מחשבים ניידים משומשים , מחשבים ניידים יד 2 לקנייה , מחשבים ניידים יד 2 למכירה , מחשבים ניידים משומשים למכירה , מחשבים ניידים משומשים לקנייה , מחשבים ניידים חדשים למכירה , מחשבים ניידים חדשים לקנייה , מחשב נייד מחודש , מחשב נייד מחודש לקנייה , מחשב נייד מחודש למכירה , מחשב נייד מחודש בזול , מחשב נייד בזול , מחשב נייד מחודש מחיר , מחשב נייד מחיר , תיקונים מחשבים ניידים , תיקון מחשב נייד , מעבדת תיקונים , מעבדת מחשבים , מעבדת מחשבים במרכז , מעבדת מחשבים ברמת גן , מחשבים למכירה , מחשבים לקנייה , מחשבים בזול לקנייה , מחשבים לקנייה מחיר , מעבדת תיקון מחשבים , חנות חלפים למחשבים , חלפים למחשבים , רכישת מחשבים משומשים , מחשבים ניידים לקנייה בזול , מחשבים ניידים למכירה בזול , מחשבים ניידים זולים מחיר",Core i3,16,512,2000,2000,"~2,000 ₪",⚡ M.2 2280 PCIe NVMe (Swappable),Modular / Semi-Modular,7.5,12,🟢 In Stock,https://lts.co.il/פריט/hp-255-g5-15-6-amd-8g-128g/,
LaptopTech LTS,"93280 - HP 255 G7 , מחשבים ניידים לקנייה , מחשבים ניידים למכירה , מחשבים ניידים יד 2 , מחשבים ניידים משומשים , מחשבים ניידים יד 2 לקנייה , מחשבים ניידים יד 2 למכירה , מחשבים ניידים משומשים למכירה , מחשבים ניידים משומשים לקנייה , מחשבים ניידים חדשים למכירה , מחשבים ניידים חדשים לקנייה , מחשב נייד מחודש , מחשב נייד מחודש לקנייה , מחשב נייד מחודש למכירה , מחשב נייד מחודש בזול , מחשב נייד בזול , מחשב נייד מחודש מחיר , מחשב נייד מחיר , תיקונים מחשבים ניידים , תיקון מחשב נייד , מעבדת תיקונים , מעבדת מחשבים , מעבדת מחשבים במרכז , מעבדת מחשבים ברמת גן , מחשבים למכירה , מחשבים לקנייה , מחשבים בזול לקנייה , מחשבים לקנייה מחיר , מעבדת תיקון מחשבים , חנות חלפים למחשבים , חלפים למחשבים , רכישת מחשבים משומשים , מחשבים ניידים לקנייה בזול , מחשבים ניידים למכירה בזול , מחשבים ניידים זולים מחיר",HP,Business Laptop,"93280 - HP 255 G7 , מחשבים ניידים לקנייה , מחשבים ניידים למכירה , מחשבים ניידים יד 2 , מחשבים ניידים משומשים , מחשבים ניידים יד 2 לקנייה , מחשבים ניידים יד 2 למכירה , מחשבים ניידים משומשים למכירה , מחשבים ניידים משומשים לקנייה , מחשבים ניידים חדשים למכירה , מחשבים ניידים חדשים לקנייה , מחשב נייד מחודש , מחשב נייד מחודש לקנייה , מחשב נייד מחודש למכירה , מחשב נייד מחודש בזול , מחשב נייד בזול , מחשב נייד מחודש מחיר , מחשב נייד מחיר , תיקונים מחשבים ניידים , תיקון מחשב נייד , מעבדת תיקונים , מעבדת מחשבים , מעבדת מחשבים במרכז , מעבדת מחשבים ברמת גן , מחשבים למכירה , מחשבים לקנייה , מחשבים בזול לקנייה , מחשבים לקנייה מחיר , מעבדת תיקון מחשבים , חנות חלפים למחשבים , חלפים למחשבים , רכישת מחשבים משומשים , מחשבים ניידים לקנייה בזול , מחשבים ניידים למכירה בזול , מחשבים ניידים זולים מחיר",Core i3 (10th Gen),16,512,2000,2000,"~2,000 ₪",⚡ M.2 2280 PCIe NVMe (Swappable),Modular / Semi-Modular,7.5,12,🟢 In Stock,https://lts.co.il/פריט/hp-255-g7-15-6-i5-8g-250g/,
LaptopTech LTS,"93340 - HP ELITEBOOK 840 G3 , מחשבים ניידים לקנייה , מחשבים ניידים למכירה , מחשבים ניידים יד 2 , מחשבים ניידים משומשים , מחשבים ניידים יד 2 לקנייה , מחשבים ניידים יד 2 למכירה , מחשבים ניידים משומשים למכירה , מחשבים ניידים משומשים לקנייה , מחשבים ניידים חדשים למכירה , מחשבים ניידים חדשים לקנייה , מחשב נייד מחודש , מחשב נייד מחודש לקנייה , מחשב נייד מחודש למכירה , מחשב נייד מחודש בזול , מחשב נייד בזול , מחשב נייד מחודש מחיר , מחשב נייד מחיר , תיקונים מחשבים ניידים , תיקון מחשב נייד , מעבדת תיקונים , מעבדת מחשבים , מעבדת מחשבים במרכז , מעבדת מחשבים ברמת גן , מחשבים למכירה , מחשבים לקנייה , מחשבים בזול לקנייה , מחשבים לקנייה מחיר , מעבדת תיקון מחשבים , חנות חלפים למחשבים , חלפים למחשבים , רכישת מחשבים משומשים , מחשבים ניידים לקנייה בזול , מחשבים ניידים למכירה בזול , מחשבים ניידים זולים מחיר",HP,EliteBook,"93340 - HP ELITEBOOK 840 G3 , מחשבים ניידים לקנייה , מחשבים ניידים למכירה , מחשבים ניידים יד 2 , מחשבים ניידים משומשים , מחשבים ניידים יד 2 לקנייה , מחשבים ניידים יד 2 למכירה , מחשבים ניידים משומשים למכירה , מחשבים ניידים משומשים לקנייה , מחשבים ניידים חדשים למכירה , מחשבים ניידים חדשים לקנייה , מחשב נייד מחודש , מחשב נייד מחודש לקנייה , מחשב נייד מחודש למכירה , מחשב נייד מחודש בזול , מחשב נייד בזול , מחשב נייד מחודש מחיר , מחשב נייד מחיר , תיקונים מחשבים ניידים , תיקון מחשב נייד , מעבדת תיקונים , מעבדת מחשבים , מעבדת מחשבים במרכז , מעבדת מחשבים ברמת גן , מחשבים למכירה , מחשבים לקנייה , מחשבים בזול לקנייה , מחשבים לקנייה מחיר , מעבדת תיקון מחשבים , חנות חלפים למחשבים , חלפים למחשבים , רכישת מחשבים משומשים , מחשבים ניידים לקנייה בזול , מחשבים ניידים למכירה בזול , מחשבים ניידים זולים מחיר",Core i3,16,512,2000,2000,"~2,000 ₪",⚡ M.2 2280 PCIe NVMe (Swappable),2x SODIMM Slots (up to 64GB),9.0,12,🟢 In Stock,https://lts.co.il/פריט/hp-elitebook-840-g3-14-i5-8gb-250gb/,
LaptopTech LTS,"93330 - LENOVO E31-80 , מחשבים ניידים לקנייה , מחשבים ניידים למכירה , מחשבים ניידים יד 2 , מחשבים ניידים משומשים , מחשבים ניידים יד 2 לקנייה , מחשבים ניידים יד 2 למכירה , מחשבים ניידים משומשים למכירה , מחשבים ניידים משומשים לקנייה , מחשבים ניידים חדשים למכירה , מחשבים ניידים חדשים לקנייה , מחשב נייד מחודש , מחשב נייד מחודש לקנייה , מחשב נייד מחודש למכירה , מחשב נייד מחודש בזול , מחשב נייד בזול , מחשב נייד מחודש מחיר , מחשב נייד מחיר , תיקונים מחשבים ניידים , תיקון מחשב נייד , מעבדת תיקונים , מעבדת מחשבים , מעבדת מחשבים במרכז , מעבדת מחשבים ברמת גן , מחשבים למכירה , מחשבים לקנייה , מחשבים בזול לקנייה , מחשבים לקנייה מחיר , מעבדת תיקון מחשבים , חנות חלפים למחשבים , חלפים למחשבים , רכישת מחשבים משומשים , מחשבים ניידים לקנייה בזול , מחשבים ניידים למכירה בזול , מחשבים ניידים זולים מחיר",Lenovo,Business Laptop,"93330 - LENOVO E31-80 , מחשבים ניידים לקנייה , מחשבים ניידים למכירה , מחשבים ניידים יד 2 , מחשבים ניידים משומשים , מחשבים ניידים יד 2 לקנייה , מחשבים ניידים יד 2 למכירה , מחשבים ניידים משומשים למכירה , מחשבים ניידים משומשים לקנייה , מחשבים ניידים חדשים למכירה , מחשבים ניידים חדשים לקנייה , מחשב נייד מחודש , מחשב נייד מחודש לקנייה , מחשב נייד מחודש למכירה , מחשב נייד מחודש בזול , מחשב נייד בזול , מחשב נייד מחודש מחיר , מחשב נייד מחיר , תיקונים מחשבים ניידים , תיקון מחשב נייד , מעבדת תיקונים , מעבדת מחשבים , מעבדת מחשבים במרכז , מעבדת מחשבים ברמת גן , מחשבים למכירה , מחשבים לקנייה , מחשבים בזול לקנייה , מחשבים לקנייה מחיר , מעבדת תיקון מחשבים , חנות חלפים למחשבים , חלפים למחשבים , רכישת מחשבים משומשים , מחשבים ניידים לקנייה בזול , מחשבים ניידים למכירה בזול , מחשבים ניידים זולים מחיר",Core i3,16,512,2000,2000,"~2,000 ₪",⚡ M.2 2280 PCIe NVMe (Swappable),Modular / Semi-Modular,7.5,12,🟢 In Stock,https://lts.co.il/פריט/lenovo-e31-80-13-3-i3-8gb-250gb/,
LaptopTech LTS,"93220 - LENOVO IDEAPAD 330-15IKB , מחשבים ניידים לקנייה , מחשבים ניידים למכירה , מחשבים ניידים יד 2 , מחשבים ניידים משומשים , מחשבים ניידים יד 2 לקנייה , מחשבים ניידים יד 2 למכירה , מחשבים ניידים משומשים למכירה , מחשבים ניידים משומשים לקנייה , מחשבים ניידים חדשים למכירה , מחשבים ניידים חדשים לקנייה , מחשב נייד מחודש , מחשב נייד מחודש לקנייה , מחשב נייד מחודש למכירה , מחשב נייד מחודש בזול , מחשב נייד בזול , מחשב נייד מחודש מחיר , מחשב נייד מחיר , תיקונים מחשבים ניידים , תיקון מחשב נייד , מעבדת תיקונים , מעבדת מחשבים , מעבדת מחשבים במרכז , מעבדת מחשבים ברמת גן , מחשבים למכירה , מחשבים לקנייה , מחשבים בזול לקנייה , מחשבים לקנייה מחיר , מעבדת תיקון מחשבים , חנות חלפים למחשבים , חלפים למחשבים , רכישת מחשבים משומשים , מחשבים ניידים לקנייה בזול , מחשבים ניידים למכירה בזול , מחשבים ניידים זולים מחיר",Lenovo,IdeaPad,"93220 - LENOVO IDEAPAD 330-15IKB , מחשבים ניידים לקנייה , מחשבים ניידים למכירה , מחשבים ניידים יד 2 , מחשבים ניידים משומשים , מחשבים ניידים יד 2 לקנייה , מחשבים ניידים יד 2 למכירה , מחשבים ניידים משומשים למכירה , מחשבים ניידים משומשים לקנייה , מחשבים ניידים חדשים למכירה , מחשבים ניידים חדשים לקנייה , מחשב נייד מחודש , מחשב נייד מחודש לקנייה , מחשב נייד מחודש למכירה , מחשב נייד מחודש בזול , מחשב נייד בזול , מחשב נייד מחודש מחיר , מחשב נייד מחיר , תיקונים מחשבים ניידים , תיקון מחשב נייד , מעבדת תיקונים , מעבדת מחשבים , מעבדת מחשבים במרכז , מעבדת מחשבים ברמת גן , מחשבים למכירה , מחשבים לקנייה , מחשבים בזול לקנייה , מחשבים לקנייה מחיר , מעבדת תיקון מחשבים , חנות חלפים למחשבים , חלפים למחשבים , רכישת מחשבים משומשים , מחשבים ניידים לקנייה בזול , מחשבים ניידים למכירה בזול , מחשבים ניידים זולים מחיר",Core i3,16,512,2000,2000,"~2,000 ₪",⚡ M.2 2280 PCIe NVMe (Swappable),Modular / Semi-Modular,7.5,12,🟢 In Stock,https://lts.co.il/פריט/lenovo-ideapad-330-15ikb-15-6-i7-12g-250g/,
LaptopTech LTS,"93200 - LENOVO THINKPAD P15S GEN 2 , מחשבים ניידים לקנייה , מחשבים ניידים למכירה , מחשבים ניידים יד 2 , מחשבים ניידים משומשים , מחשבים ניידים יד 2 לקנייה , מחשבים ניידים יד 2 למכירה , מחשבים ניידים משומשים למכירה , מחשבים ניידים משומשים לקנייה , מחשבים ניידים חדשים למכירה , מחשבים ניידים חדשים לקנייה , מחשב נייד מחודש , מחשב נייד מחודש לקנייה , מחשב נייד מחודש למכירה , מחשב נייד מחודש בזול , מחשב נייד בזול , מחשב נייד מחודש מחיר , מחשב נייד מחיר , תיקונים מחשבים ניידים , תיקון מחשב נייד , מעבדת תיקונים , מעבדת מחשבים , מעבדת מחשבים במרכז , מעבדת מחשבים ברמת גן , מחשבים למכירה , מחשבים לקנייה , מחשבים בזול לקנייה , מחשבים לקנייה מחיר , מעבדת תיקון מחשבים , חנות חלפים למחשבים , חלפים למחשבים , רכישת מחשבים משומשים , מחשבים ניידים לקנייה בזול , מחשבים ניידים למכירה בזול , מחשבים ניידים זולים מחיר",Lenovo,ThinkPad,"93200 - LENOVO THINKPAD P15S GEN 2 , מחשבים ניידים לקנייה , מחשבים ניידים למכירה , מחשבים ניידים יד 2 , מחשבים ניידים משומשים , מחשבים ניידים יד 2 לקנייה , מחשבים ניידים יד 2 למכירה , מחשבים ניידים משומשים למכירה , מחשבים ניידים משומשים לקנייה , מחשבים ניידים חדשים למכירה , מחשבים ניידים חדשים לקנייה , מחשב נייד מחודש , מחשב נייד מחודש לקנייה , מחשב נייד מחודש למכירה , מחשב נייד מחודש בזול , מחשב נייד בזול , מחשב נייד מחודש מחיר , מחשב נייד מחיר , תיקונים מחשבים ניידים , תיקון מחשב נייד , מעבדת תיקונים , מעבדת מחשבים , מעבדת מחשבים במרכז , מעבדת מחשבים ברמת גן , מחשבים למכירה , מחשבים לקנייה , מחשבים בזול לקנייה , מחשבים לקנייה מחיר , מעבדת תיקון מחשבים , חנות חלפים למחשבים , חלפים למחשבים , רכישת מחשבים משומשים , מחשבים ניידים לקנייה בזול , מחשבים ניידים למכירה בזול , מחשבים ניידים זולים מחיר",Core i3 (11th Gen),16,512,3600,3600,"~3,600 ₪",⚡ Dual M.2 PCIe NVMe Slots,2x SODIMM Slots (up to 64GB),9.5,12,🟢 In Stock,https://lts.co.il/פריט/lenovo-thinkpad-p15s-gen-2-15-6-i7-16g-500g/,
LaptopTech LTS,"93240 - LENOVO THINKPAD X1 CARBON GEN 9 TOUCH , מחשבים ניידים לקנייה , מחשבים ניידים למכירה , מחשבים ניידים יד 2 , מחשבים ניידים משומשים , מחשבים ניידים יד 2 לקנייה , מחשבים ניידים יד 2 למכירה , מחשבים ניידים משומשים למכירה , מחשבים ניידים משומשים לקנייה , מחשבים ניידים חדשים למכירה , מחשבים ניידים חדשים לקנייה , מחשב נייד מחודש , מחשב נייד מחודש לקנייה , מחשב נייד מחודש למכירה , מחשב נייד מחודש בזול , מחשב נייד בזול , מחשב נייד מחודש מחיר , מחשב נייד מחיר , תיקונים מחשבים ניידים , תיקון מחשב נייד , מעבדת תיקונים , מעבדת מחשבים , מעבדת מחשבים במרכז , מעבדת מחשבים ברמת גן , מחשבים למכירה , מחשבים לקנייה , מחשבים בזול לקנייה , מחשבים לקנייה מחיר , מעבדת תיקון מחשבים , חנות חלפים למחשבים , חלפים למחשבים , רכישת מחשבים משומשים , מחשבים ניידים לקנייה בזול , מחשבים ניידים למכירה בזול , מחשבים ניידים זולים מחיר",Lenovo,ThinkPad,"93240 - LENOVO THINKPAD X1 CARBON GEN 9 TOUCH , מחשבים ניידים לקנייה , מחשבים ניידים למכירה , מחשבים ניידים יד 2 , מחשבים ניידים משומשים , מחשבים ניידים יד 2 לקנייה , מחשבים ניידים יד 2 למכירה , מחשבים ניידים משומשים למכירה , מחשבים ניידים משומשים לקנייה , מחשבים ניידים חדשים למכירה , מחשבים ניידים חדשים לקנייה , מחשב נייד מחודש , מחשב נייד מחודש לקנייה , מחשב נייד מחודש למכירה , מחשב נייד מחודש בזול , מחשב נייד בזול , מחשב נייד מחודש מחיר , מחשב נייד מחיר , תיקונים מחשבים ניידים , תיקון מחשב נייד , מעבדת תיקונים , מעבדת מחשבים , מעבדת מחשבים במרכז , מעבדת מחשבים ברמת גן , מחשבים למכירה , מחשבים לקנייה , מחשבים בזול לקנייה , מחשבים לקנייה מחיר , מעבדת תיקון מחשבים , חנות חלפים למחשבים , חלפים למחשבים , רכישת מחשבים משומשים , מחשבים ניידים לקנייה בזול , מחשבים ניידים למכירה בזול , מחשבים ניידים זולים מחיר",Core i3,16,512,2000,2000,"~2,000 ₪",⚡ M.2 2280 PCIe NVMe (Swappable),Soldered LPDDR4x/5 (Fixed),5.0,12,🟢 In Stock,https://lts.co.il/פריט/lenovo-thinkpad-x1-carbon-touch-14-i7-16g-1tb/,
LaptopTech LTS,"MACBOOK AIR A1466 - 4G , מחשבים ניידים לקנייה , מחשבים ניידים למכירה , מחשבים ניידים יד 2 , מחשבים ניידים משומשים , מחשבים ניידים יד 2 לקנייה , מחשבים ניידים יד 2 למכירה , מחשבים ניידים משומשים למכירה , מחשבים ניידים משומשים לקנייה , מחשבים ניידים חדשים למכירה , מחשבים ניידים חדשים לקנייה , מחשב נייד מחודש , מחשב נייד מחודש לקנייה , מחשב נייד מחודש למכירה , מחשב נייד מחודש בזול , מחשב נייד בזול , מחשב נייד מחודש מחיר , מחשב נייד מחיר , תיקונים מחשבים ניידים , תיקון מחשב נייד , מעבדת תיקונים , מעבדת מחשבים , מעבדת מחשבים במרכז , מעבדת מחשבים ברמת גן , מחשבים למכירה , מחשבים לקנייה , מחשבים בזול לקנייה , מחשבים לקנייה מחיר , מעבדת תיקון מחשבים , חנות חלפים למחשבים , חלפים למחשבים , רכישת מחשבים משומשים , מחשבים ניידים לקנייה בזול , מחשבים ניידים למכירה בזול , מחשבים ניידים זולים מחיר",Apple,Business Laptop,"MACBOOK AIR A1466 - 4G , מחשבים ניידים לקנייה , מחשבים ניידים למכירה , מחשבים ניידים יד 2 , מחשבים ניידים משומשים , מחשבים ניידים יד 2 לקנייה , מחשבים ניידים יד 2 למכירה , מחשבים ניידים משומשים למכירה , מחשבים ניידים משומשים לקנייה , מחשבים ניידים חדשים למכירה , מחשבים ניידים חדשים לקנייה , מחשב נייד מחודש , מחשב נייד מחודש לקנייה , מחשב נייד מחודש למכירה , מחשב נייד מחודש בזול , מחשב נייד בזול , מחשב נייד מחודש מחיר , מחשב נייד מחיר , תיקונים מחשבים ניידים , תיקון מחשב נייד , מעבדת תיקונים , מעבדת מחשבים , מעבדת מחשבים במרכז , מעבדת מחשבים ברמת גן , מחשבים למכירה , מחשבים לקנייה , מחשבים בזול לקנייה , מחשבים לקנייה מחיר , מעבדת תיקון מחשבים , חנות חלפים למחשבים , חלפים למחשבים , רכישת מחשבים משומשים , מחשבים ניידים לקנייה בזול , מחשבים ניידים למכירה בזול , מחשבים ניידים זולים מחיר",Core i3,4,512,2000,2000,"~2,000 ₪",⚡ M.2 2280 PCIe NVMe (Swappable),Modular / Semi-Modular,7.5,12,🟢 In Stock,https://lts.co.il/פריט/macbook-air-a1466-15-4-i5-4g-250g/,
LaptopTech LTS,"93150 - MACBOOK AIR A2337 , מחשבים ניידים לקנייה , מחשבים ניידים למכירה , מחשבים ניידים יד 2 , מחשבים ניידים משומשים , מחשבים ניידים יד 2 לקנייה , מחשבים ניידים יד 2 למכירה , מחשבים ניידים משומשים למכירה , מחשבים ניידים משומשים לקנייה , מחשבים ניידים חדשים למכירה , מחשבים ניידים חדשים לקנייה , מחשב נייד מחודש , מחשב נייד מחודש לקנייה , מחשב נייד מחודש למכירה , מחשב נייד מחודש בזול , מחשב נייד בזול , מחשב נייד מחודש מחיר , מחשב נייד מחיר , תיקונים מחשבים ניידים , תיקון מחשב נייד , מעבדת תיקונים , מעבדת מחשבים , מעבדת מחשבים במרכז , מעבדת מחשבים ברמת גן , מחשבים למכירה , מחשבים לקנייה , מחשבים בזול לקנייה , מחשבים לקנייה מחיר , מעבדת תיקון מחשבים , חנות חלפים למחשבים , חלפים למחשבים , רכישת מחשבים משומשים , מחשבים ניידים לקנייה בזול , מחשבים ניידים למכירה בזול , מחשבים ניידים זולים מחיר",Apple,Business Laptop,"93150 - MACBOOK AIR A2337 , מחשבים ניידים לקנייה , מחשבים ניידים למכירה , מחשבים ניידים יד 2 , מחשבים ניידים משומשים , מחשבים ניידים יד 2 לקנייה , מחשבים ניידים יד 2 למכירה , מחשבים ניידים משומשים למכירה , מחשבים ניידים משומשים לקנייה , מחשבים ניידים חדשים למכירה , מחשבים ניידים חדשים לקנייה , מחשב נייד מחודש , מחשב נייד מחודש לקנייה , מחשב נייד מחודש למכירה , מחשב נייד מחודש בזול , מחשב נייד בזול , מחשב נייד מחודש מחיר , מחשב נייד מחיר , תיקונים מחשבים ניידים , תיקון מחשב נייד , מעבדת תיקונים , מעבדת מחשבים , מעבדת מחשבים במרכז , מעבדת מחשבים ברמת גן , מחשבים למכירה , מחשבים לקנייה , מחשבים בזול לקנייה , מחשבים לקנייה מחיר , מעבדת תיקון מחשבים , חנות חלפים למחשבים , חלפים למחשבים , רכישת מחשבים משומשים , מחשבים ניידים לקנייה בזול , מחשבים ניידים למכירה בזול , מחשבים ניידים זולים מחיר",Core i3,16,512,2000,2000,"~2,000 ₪",⚡ M.2 2280 PCIe NVMe (Swappable),Modular / Semi-Modular,7.5,12,🟢 In Stock,https://lts.co.il/פריט/macbook-air-a2337-13-3-m1-8g-250g-2/,
LaptopTech LTS,MACBOOK PRO A1707 - 15.4&#039; / I7 / 16G / 250G,Apple,Business Laptop,MACBOOK PRO A1707 - 15.4&#039; / I7 / 16G / 250G,Core i7,16,250,2000,2000,"~2,000 ₪",⚡ M.2 2280 PCIe NVMe (Swappable),Modular / Semi-Modular,7.5,12,🟢 In Stock,https://lts.co.il/פריט/macbook-pro-a1707-15-4-i7-16g-250g/,
LaptopTech LTS,MACBOOK PRO A1706 - 13.3&#039; / I7 / 16G / 500G,Apple,Business Laptop,MACBOOK PRO A1706 - 13.3&#039; / I7 / 16G / 500G,Core i7,16,500,2000,2000,"~2,000 ₪",⚡ M.2 2280 PCIe NVMe (Swappable),Modular / Semi-Modular,7.5,12,🟢 In Stock,https://lts.co.il/פריט/macbook-pro-a1706-13-3-i7-16g-500g-3/,
LaptopTech LTS,"MACBOOK PRO A1706 , מחשבים ניידים לקנייה , מחשבים ניידים למכירה , מחשבים ניידים יד 2 , מחשבים ניידים משומשים , מחשבים ניידים יד 2 לקנייה , מחשבים ניידים יד 2 למכירה , מחשבים ניידים משומשים למכירה , מחשבים ניידים משומשים לקנייה , מחשבים ניידים חדשים למכירה , מחשבים ניידים חדשים לקנייה , מחשב נייד מחודש , מחשב נייד מחודש לקנייה , מחשב נייד מחודש למכירה , מחשב נייד מחודש בזול , מחשב נייד בזול , מחשב נייד מחודש מחיר , מחשב נייד מחיר , תיקונים מחשבים ניידים , תיקון מחשב נייד , מעבדת תיקונים , מעבדת מחשבים , מעבדת מחשבים במרכז , מעבדת מחשבים ברמת גן , מחשבים למכירה , מחשבים לקנייה , מחשבים בזול לקנייה , מחשבים לקנייה מחיר , מעבדת תיקון מחשבים , חנות חלפים למחשבים , חלפים למחשבים , רכישת מחשבים משומשים , מחשבים ניידים לקנייה בזול , מחשבים ניידים למכירה בזול , מחשבים ניידים זולים מחיר",Apple,Business Laptop,"MACBOOK PRO A1706 , מחשבים ניידים לקנייה , מחשבים ניידים למכירה , מחשבים ניידים יד 2 , מחשבים ניידים משומשים , מחשבים ניידים יד 2 לקנייה , מחשבים ניידים יד 2 למכירה , מחשבים ניידים משומשים למכירה , מחשבים ניידים משומשים לקנייה , מחשבים ניידים חדשים למכירה , מחשבים ניידים חדשים לקנייה , מחשב נייד מחודש , מחשב נייד מחודש לקנייה , מחשב נייד מחודש למכירה , מחשב נייד מחודש בזול , מחשב נייד בזול , מחשב נייד מחודש מחיר , מחשב נייד מחיר , תיקונים מחשבים ניידים , תיקון מחשב נייד , מעבדת תיקונים , מעבדת מחשבים , מעבדת מחשבים במרכז , מעבדת מחשבים ברמת גן , מחשבים למכירה , מחשבים לקנייה , מחשבים בזול לקנייה , מחשבים לקנייה מחיר , מעבדת תיקון מחשבים , חנות חלפים למחשבים , חלפים למחשבים , רכישת מחשבים משומשים , מחשבים ניידים לקנייה בזול , מחשבים ניידים למכירה בזול , מחשבים ניידים זולים מחיר",Core i3,16,512,2000,2000,"~2,000 ₪",⚡ M.2 2280 PCIe NVMe (Swappable),Modular / Semi-Modular,7.5,12,🟢 In Stock,https://lts.co.il/פריט/macbook-pro-a1706-13-i5-8g-250g/,
LaptopTech LTS,"MACBOOK PRO A1708 , מחשבים ניידים לקנייה , מחשבים ניידים למכירה , מחשבים ניידים יד 2 , מחשבים ניידים משומשים , מחשבים ניידים יד 2 לקנייה , מחשבים ניידים יד 2 למכירה , מחשבים ניידים משומשים למכירה , מחשבים ניידים משומשים לקנייה , מחשבים ניידים חדשים למכירה , מחשבים ניידים חדשים לקנייה , מחשב נייד מחודש , מחשב נייד מחודש לקנייה , מחשב נייד מחודש למכירה , מחשב נייד מחודש בזול , מחשב נייד בזול , מחשב נייד מחודש מחיר , מחשב נייד מחיר , תיקונים מחשבים ניידים , תיקון מחשב נייד , מעבדת תיקונים , מעבדת מחשבים , מעבדת מחשבים במרכז , מעבדת מחשבים ברמת גן , מחשבים למכירה , מחשבים לקנייה , מחשבים בזול לקנייה , מחשבים לקנייה מחיר , מעבדת תיקון מחשבים , חנות חלפים למחשבים , חלפים למחשבים , רכישת מחשבים משומשים , מחשבים ניידים לקנייה בזול , מחשבים ניידים למכירה בזול , מחשבים ניידים זולים מחיר",Apple,Business Laptop,"MACBOOK PRO A1708 , מחשבים ניידים לקנייה , מחשבים ניידים למכירה , מחשבים ניידים יד 2 , מחשבים ניידים משומשים , מחשבים ניידים יד 2 לקנייה , מחשבים ניידים יד 2 למכירה , מחשבים ניידים משומשים למכירה , מחשבים ניידים משומשים לקנייה , מחשבים ניידים חדשים למכירה , מחשבים ניידים חדשים לקנייה , מחשב נייד מחודש , מחשב נייד מחודש לקנייה , מחשב נייד מחודש למכירה , מחשב נייד מחודש בזול , מחשב נייד בזול , מחשב נייד מחודש מחיר , מחשב נייד מחיר , תיקונים מחשבים ניידים , תיקון מחשב נייד , מעבדת תיקונים , מעבדת מחשבים , מעבדת מחשבים במרכז , מעבדת מחשבים ברמת גן , מחשבים למכירה , מחשבים לקנייה , מחשבים בזול לקנייה , מחשבים לקנייה מחיר , מעבדת תיקון מחשבים , חנות חלפים למחשבים , חלפים למחשבים , רכישת מחשבים משומשים , מחשבים ניידים לקנייה בזול , מחשבים ניידים למכירה בזול , מחשבים ניידים זולים מחיר",Core i3,16,512,2000,2000,"~2,000 ₪",⚡ M.2 2280 PCIe NVMe (Swappable),Modular / Semi-Modular,7.5,12,🟢 In Stock,https://lts.co.il/פריט/macbook-pro-a1708-13-3-i5-8g-250g-2/,
LaptopTech LTS,MACBOOK PRO A1708 - 13.3&#039; / I5 / 8G / 250G,Apple,Business Laptop,MACBOOK PRO A1708 - 13.3&#039; / I5 / 8G / 250G,Core i5,8,250,2000,2000,"~2,000 ₪",⚡ M.2 2280 PCIe NVMe (Swappable),Modular / Semi-Modular,7.5,12,🟢 In Stock,https://lts.co.il/פריט/macbook-pro-a1708-13-3-i5-8g-250g/,
LaptopTech LTS,"MACBOOK PRO A1989 , מחשבים ניידים לקנייה , מחשבים ניידים למכירה , מחשבים ניידים יד 2 , מחשבים ניידים משומשים , מחשבים ניידים יד 2 לקנייה , מחשבים ניידים יד 2 למכירה , מחשבים ניידים משומשים למכירה , מחשבים ניידים משומשים לקנייה , מחשבים ניידים חדשים למכירה , מחשבים ניידים חדשים לקנייה , מחשב נייד מחודש , מחשב נייד מחודש לקנייה , מחשב נייד מחודש למכירה , מחשב נייד מחודש בזול , מחשב נייד בזול , מחשב נייד מחודש מחיר , מחשב נייד מחיר , תיקונים מחשבים ניידים , תיקון מחשב נייד , מעבדת תיקונים , מעבדת מחשבים , מעבדת מחשבים במרכז , מעבדת מחשבים ברמת גן , מחשבים למכירה , מחשבים לקנייה , מחשבים בזול לקנייה , מחשבים לקנייה מחיר , מעבדת תיקון מחשבים , חנות חלפים למחשבים , חלפים למחשבים , רכישת מחשבים משומשים , מחשבים ניידים לקנייה בזול , מחשבים ניידים למכירה בזול , מחשבים ניידים זולים מחיר",Apple,Business Laptop,"MACBOOK PRO A1989 , מחשבים ניידים לקנייה , מחשבים ניידים למכירה , מחשבים ניידים יד 2 , מחשבים ניידים משומשים , מחשבים ניידים יד 2 לקנייה , מחשבים ניידים יד 2 למכירה , מחשבים ניידים משומשים למכירה , מחשבים ניידים משומשים לקנייה , מחשבים ניידים חדשים למכירה , מחשבים ניידים חדשים לקנייה , מחשב נייד מחודש , מחשב נייד מחודש לקנייה , מחשב נייד מחודש למכירה , מחשב נייד מחודש בזול , מחשב נייד בזול , מחשב נייד מחודש מחיר , מחשב נייד מחיר , תיקונים מחשבים ניידים , תיקון מחשב נייד , מעבדת תיקונים , מעבדת מחשבים , מעבדת מחשבים במרכז , מעבדת מחשבים ברמת גן , מחשבים למכירה , מחשבים לקנייה , מחשבים בזול לקנייה , מחשבים לקנייה מחיר , מעבדת תיקון מחשבים , חנות חלפים למחשבים , חלפים למחשבים , רכישת מחשבים משומשים , מחשבים ניידים לקנייה בזול , מחשבים ניידים למכירה בזול , מחשבים ניידים זולים מחיר",Core i3,16,512,2000,2000,"~2,000 ₪",⚡ M.2 2280 PCIe NVMe (Swappable),Modular / Semi-Modular,7.5,12,🟢 In Stock,https://lts.co.il/פריט/macbook-pro-a1989-13-3-i5-16g-250g-2/,
LaptopTech LTS,"MACBOOK PRO A1989 , מחשבים ניידים לקנייה , מחשבים ניידים למכירה , מחשבים ניידים יד 2 , מחשבים ניידים משומשים , מחשבים ניידים יד 2 לקנייה , מחשבים ניידים יד 2 למכירה , מחשבים ניידים משומשים למכירה , מחשבים ניידים משומשים לקנייה , מחשבים ניידים חדשים למכירה , מחשבים ניידים חדשים לקנייה , מחשב נייד מחודש , מחשב נייד מחודש לקנייה , מחשב נייד מחודש למכירה , מחשב נייד מחודש בזול , מחשב נייד בזול , מחשב נייד מחודש מחיר , מחשב נייד מחיר , תיקונים מחשבים ניידים , תיקון מחשב נייד , מעבדת תיקונים , מעבדת מחשבים , מעבדת מחשבים במרכז , מעבדת מחשבים ברמת גן , מחשבים למכירה , מחשבים לקנייה , מחשבים בזול לקנייה , מחשבים לקנייה מחיר , מעבדת תיקון מחשבים , חנות חלפים למחשבים , חלפים למחשבים , רכישת מחשבים משומשים , מחשבים ניידים לקנייה בזול , מחשבים ניידים למכירה בזול , מחשבים ניידים זולים מחיר",Apple,Business Laptop,"MACBOOK PRO A1989 , מחשבים ניידים לקנייה , מחשבים ניידים למכירה , מחשבים ניידים יד 2 , מחשבים ניידים משומשים , מחשבים ניידים יד 2 לקנייה , מחשבים ניידים יד 2 למכירה , מחשבים ניידים משומשים למכירה , מחשבים ניידים משומשים לקנייה , מחשבים ניידים חדשים למכירה , מחשבים ניידים חדשים לקנייה , מחשב נייד מחודש , מחשב נייד מחודש לקנייה , מחשב נייד מחודש למכירה , מחשב נייד מחודש בזול , מחשב נייד בזול , מחשב נייד מחודש מחיר , מחשב נייד מחיר , תיקונים מחשבים ניידים , תיקון מחשב נייד , מעבדת תיקונים , מעבדת מחשבים , מעבדת מחשבים במרכז , מעבדת מחשבים ברמת גן , מחשבים למכירה , מחשבים לקנייה , מחשבים בזול לקנייה , מחשבים לקנייה מחיר , מעבדת תיקון מחשבים , חנות חלפים למחשבים , חלפים למחשבים , רכישת מחשבים משומשים , מחשבים ניידים לקנייה בזול , מחשבים ניידים למכירה בזול , מחשבים ניידים זולים מחיר",Core i3,16,512,2000,2000,"~2,000 ₪",⚡ M.2 2280 PCIe NVMe (Swappable),Modular / Semi-Modular,7.5,12,🟢 In Stock,https://lts.co.il/פריט/macbook-pro-a1989-13-3-i7-16g-500g-3/,
LaptopTech LTS,"MACBOOK PRO A2179 , מחשבים ניידים לקנייה , מחשבים ניידים למכירה , מחשבים ניידים יד 2 , מחשבים ניידים משומשים , מחשבים ניידים יד 2 לקנייה , מחשבים ניידים יד 2 למכירה , מחשבים ניידים משומשים למכירה , מחשבים ניידים משומשים לקנייה , מחשבים ניידים חדשים למכירה , מחשבים ניידים חדשים לקנייה , מחשב נייד מחודש , מחשב נייד מחודש לקנייה , מחשב נייד מחודש למכירה , מחשב נייד מחודש בזול , מחשב נייד בזול , מחשב נייד מחודש מחיר , מחשב נייד מחיר , תיקונים מחשבים ניידים , תיקון מחשב נייד , מעבדת תיקונים , מעבדת מחשבים , מעבדת מחשבים במרכז , מעבדת מחשבים ברמת גן , מחשבים למכירה , מחשבים לקנייה , מחשבים בזול לקנייה , מחשבים לקנייה מחיר , מעבדת תיקון מחשבים , חנות חלפים למחשבים , חלפים למחשבים , רכישת מחשבים משומשים , מחשבים ניידים לקנייה בזול , מחשבים ניידים למכירה בזול , מחשבים ניידים זולים מחיר",Apple,Business Laptop,"MACBOOK PRO A2179 , מחשבים ניידים לקנייה , מחשבים ניידים למכירה , מחשבים ניידים יד 2 , מחשבים ניידים משומשים , מחשבים ניידים יד 2 לקנייה , מחשבים ניידים יד 2 למכירה , מחשבים ניידים משומשים למכירה , מחשבים ניידים משומשים לקנייה , מחשבים ניידים חדשים למכירה , מחשבים ניידים חדשים לקנייה , מחשב נייד מחודש , מחשב נייד מחודש לקנייה , מחשב נייד מחודש למכירה , מחשב נייד מחודש בזול , מחשב נייד בזול , מחשב נייד מחודש מחיר , מחשב נייד מחיר , תיקונים מחשבים ניידים , תיקון מחשב נייד , מעבדת תיקונים , מעבדת מחשבים , מעבדת מחשבים במרכז , מעבדת מחשבים ברמת גן , מחשבים למכירה , מחשבים לקנייה , מחשבים בזול לקנייה , מחשבים לקנייה מחיר , מעבדת תיקון מחשבים , חנות חלפים למחשבים , חלפים למחשבים , רכישת מחשבים משומשים , מחשבים ניידים לקנייה בזול , מחשבים ניידים למכירה בזול , מחשבים ניידים זולים מחיר",Core i3,16,512,2000,2000,"~2,000 ₪",⚡ M.2 2280 PCIe NVMe (Swappable),Modular / Semi-Modular,7.5,12,🟢 In Stock,https://lts.co.il/פריט/macbook-pro-a2179-13-3-i5-8g-250g/,
LaptopTech LTS,"MACBOOK PRO A2251 , מחשבים ניידים לקנייה , מחשבים ניידים למכירה , מחשבים ניידים יד 2 , מחשבים ניידים משומשים , מחשבים ניידים יד 2 לקנייה , מחשבים ניידים יד 2 למכירה , מחשבים ניידים משומשים למכירה , מחשבים ניידים משומשים לקנייה , מחשבים ניידים חדשים למכירה , מחשבים ניידים חדשים לקנייה , מחשב נייד מחודש , מחשב נייד מחודש לקנייה , מחשב נייד מחודש למכירה , מחשב נייד מחודש בזול , מחשב נייד בזול , מחשב נייד מחודש מחיר , מחשב נייד מחיר , תיקונים מחשבים ניידים , תיקון מחשב נייד , מעבדת תיקונים , מעבדת מחשבים , מעבדת מחשבים במרכז , מעבדת מחשבים ברמת גן , מחשבים למכירה , מחשבים לקנייה , מחשבים בזול לקנייה , מחשבים לקנייה מחיר , מעבדת תיקון מחשבים , חנות חלפים למחשבים , חלפים למחשבים , רכישת מחשבים משומשים , מחשבים ניידים לקנייה בזול , מחשבים ניידים למכירה בזול , מחשבים ניידים זולים מחיר",Apple,Business Laptop,"MACBOOK PRO A2251 , מחשבים ניידים לקנייה , מחשבים ניידים למכירה , מחשבים ניידים יד 2 , מחשבים ניידים משומשים , מחשבים ניידים יד 2 לקנייה , מחשבים ניידים יד 2 למכירה , מחשבים ניידים משומשים למכירה , מחשבים ניידים משומשים לקנייה , מחשבים ניידים חדשים למכירה , מחשבים ניידים חדשים לקנייה , מחשב נייד מחודש , מחשב נייד מחודש לקנייה , מחשב נייד מחודש למכירה , מחשב נייד מחודש בזול , מחשב נייד בזול , מחשב נייד מחודש מחיר , מחשב נייד מחיר , תיקונים מחשבים ניידים , תיקון מחשב נייד , מעבדת תיקונים , מעבדת מחשבים , מעבדת מחשבים במרכז , מעבדת מחשבים ברמת גן , מחשבים למכירה , מחשבים לקנייה , מחשבים בזול לקנייה , מחשבים לקנייה מחיר , מעבדת תיקון מחשבים , חנות חלפים למחשבים , חלפים למחשבים , רכישת מחשבים משומשים , מחשבים ניידים לקנייה בזול , מחשבים ניידים למכירה בזול , מחשבים ניידים זולים מחיר",Core i3,16,512,2000,2000,"~2,000 ₪",⚡ M.2 2280 PCIe NVMe (Swappable),Modular / Semi-Modular,7.5,12,🟢 In Stock,https://lts.co.il/פריט/macbook-pro-a2251-13-3-i7-32g-1tb/,
LaptopTech LTS,"93290 - TOSHIBA PROTEGE X30L-J-130 , מחשבים ניידים לקנייה , מחשבים ניידים למכירה , מחשבים ניידים יד 2 , מחשבים ניידים משומשים , מחשבים ניידים יד 2 לקנייה , מחשבים ניידים יד 2 למכירה , מחשבים ניידים משומשים למכירה , מחשבים ניידים משומשים לקנייה , מחשבים ניידים חדשים למכירה , מחשבים ניידים חדשים לקנייה , מחשב נייד מחודש , מחשב נייד מחודש לקנייה , מחשב נייד מחודש למכירה , מחשב נייד מחודש בזול , מחשב נייד בזול , מחשב נייד מחודש מחיר , מחשב נייד מחיר , תיקונים מחשבים ניידים , תיקון מחשב נייד , מעבדת תיקונים , מעבדת מחשבים , מעבדת מחשבים במרכז , מעבדת מחשבים ברמת גן , מחשבים למכירה , מחשבים לקנייה , מחשבים בזול לקנייה , מחשבים לקנייה מחיר , מעבדת תיקון מחשבים , חנות חלפים למחשבים , חלפים למחשבים , רכישת מחשבים משומשים , מחשבים ניידים לקנייה בזול , מחשבים ניידים למכירה בזול , מחשבים ניידים זולים מחיר",Generic,Business Laptop,"93290 - TOSHIBA PROTEGE X30L-J-130 , מחשבים ניידים לקנייה , מחשבים ניידים למכירה , מחשבים ניידים יד 2 , מחשבים ניידים משומשים , מחשבים ניידים יד 2 לקנייה , מחשבים ניידים יד 2 למכירה , מחשבים ניידים משומשים למכירה , מחשבים ניידים משומשים לקנייה , מחשבים ניידים חדשים למכירה , מחשבים ניידים חדשים לקנייה , מחשב נייד מחודש , מחשב נייד מחודש לקנייה , מחשב נייד מחודש למכירה , מחשב נייד מחודש בזול , מחשב נייד בזול , מחשב נייד מחודש מחיר , מחשב נייד מחיר , תיקונים מחשבים ניידים , תיקון מחשב נייד , מעבדת תיקונים , מעבדת מחשבים , מעבדת מחשבים במרכז , מעבדת מחשבים ברמת גן , מחשבים למכירה , מחשבים לקנייה , מחשבים בזול לקנייה , מחשבים לקנייה מחיר , מעבדת תיקון מחשבים , חנות חלפים למחשבים , חלפים למחשבים , רכישת מחשבים משומשים , מחשבים ניידים לקנייה בזול , מחשבים ניידים למכירה בזול , מחשבים ניידים זולים מחיר",Core i3,16,512,2000,2000,"~2,000 ₪",⚡ M.2 2280 PCIe NVMe (Swappable),Modular / Semi-Modular,7.5,12,🟢 In Stock,https://lts.co.il/פריט/toshiba-protege-x30l-j-130-13-3-i5-16g-250g/,
IT Outlet,מחשב נייד Lenovo ThinkPad X13 G1 i7/16GB/500GB SSD,Lenovo,ThinkPad,מחשב נייד Lenovo ThinkPad X13 G1 i7,Core i7,16,500,2000,1900,"1,900 ₪ (100 ₪ Coupon)",⚡ M.2 2280 PCIe NVMe (Swappable),Soldered LPDDR4x/5 (Fixed),5.0,12,🟢 In Stock,https://www.itoutlet.co.il/items/7972648-%D7%9E%D7%97%D7%A9%D7%91-%D7%A0%D7%99%D7%99%D7%93-Lenovo-ThinkPad-X13-G1-i7-16GB-500GB-SSD-,
IT Outlet,מחשב נייד מחודש Dell Latitude 7410 i7/16GB/500GB SSD,Dell,Latitude,מחשב נייד מחודש Dell Latitude 7410 i7,Core i7 (10th Gen),16,500,2000,1900,"1,900 ₪ (100 ₪ Coupon)",⚡ M.2 2280 PCIe NVMe (Swappable),Soldered LPDDR4x/5 (Fixed),5.0,12,🟢 In Stock,https://www.itoutlet.co.il/items/6851586-%D7%9E%D7%97%D7%A9%D7%91-%D7%A0%D7%99%D7%99%D7%93-%D7%9E%D7%97%D7%95%D7%93%D7%A9-Dell-Latitude-7410-i7-16GB-500GB-SSD,
IT Outlet,מחשב נייד מחודש DELL Latitude 7420 i5/16GB/512GB SSD,Dell,Latitude,מחשב נייד מחודש DELL Latitude 7420 i5,Core i5 (11th Gen),16,512,2000,1900,"1,900 ₪ (100 ₪ Coupon)",⚡ M.2 2280 PCIe NVMe (Swappable),Soldered LPDDR4x/5 (Fixed),5.0,12,🟢 In Stock,https://www.itoutlet.co.il/items/7831047-%D7%9E%D7%97%D7%A9%D7%91-%D7%A0%D7%99%D7%99%D7%93-%D7%9E%D7%97%D7%95%D7%93%D7%A9-DELL-Latitude-7420-i5-16GB-512GB-SSD-,
IT Outlet,מחשב נייד מחודש Lenovo ThinkPad T14 GEN1 i7/32GB/512GB SSD,Lenovo,ThinkPad,מחשב נייד מחודש Lenovo ThinkPad T14 GEN1 i7,Core i7 (10th Gen),32,512,2000,1900,"1,900 ₪ (100 ₪ Coupon)",⚡ M.2 2280 PCIe NVMe (Swappable),1x Soldered + 1x SODIMM Slot (max 48GB),7.5,12,🟢 In Stock,https://www.itoutlet.co.il/items/5337411-%D7%9E%D7%97%D7%A9%D7%91-%D7%A0%D7%99%D7%99%D7%93-%D7%9E%D7%97%D7%95%D7%93%D7%A9-Lenovo-ThinkPad-T14-GEN1-i7-32GB-512GB-SSD,
IT Outlet,מחשב נייד מחודש Lenovo ThinkPad X13 G2 i5/16GB/500GB SSD,Lenovo,ThinkPad,מחשב נייד מחודש Lenovo ThinkPad X13 G2 i5,Core i5,16,500,2000,1900,"1,900 ₪ (100 ₪ Coupon)",⚡ M.2 2280 PCIe NVMe (Swappable),Soldered LPDDR4x/5 (Fixed),5.0,12,🟢 In Stock,https://www.itoutlet.co.il/items/8387970-%D7%9E%D7%97%D7%A9%D7%91-%D7%A0%D7%99%D7%99%D7%93-%D7%9E%D7%97%D7%95%D7%93%D7%A9-Lenovo-ThinkPad-X13-G2-i5-16GB-500GB-SSD-,
IT Outlet,מחשב נייד מחודש לעריכה גרפית Lenovo ThinkPad P15s Gen 1 i7/16GB/512GB SSD,Lenovo,ThinkPad,מחשב נייד מחודש לעריכה גרפית Lenovo ThinkPad P15s Gen 1 i7,Core i7 (10th Gen),16,512,2000,1900,"1,900 ₪ (100 ₪ Coupon)",⚡ Dual M.2 PCIe NVMe Slots,2x SODIMM Slots (up to 64GB),9.5,12,🟢 In Stock,https://www.itoutlet.co.il/items/8608165-%D7%9E%D7%97%D7%A9%D7%91-%D7%A0%D7%99%D7%99%D7%93-%D7%9E%D7%97%D7%95%D7%93%D7%A9-%D7%9C%D7%A2%D7%A8%D7%99%D7%9B%D7%94-%D7%92%D7%A8%D7%A4%D7%99%D7%AA-Lenovo-ThinkPad-P15s-Gen-1-i7-16GB-512GB-SSD,
IT Outlet,מחשב נייד מחודש Lenovo ThinkPad T14s Gen 2 i5/16GB/512GB SSD,Lenovo,ThinkPad,מחשב נייד מחודש Lenovo ThinkPad T14s Gen 2 i5,Core i5 (11th Gen),16,512,2000,1900,"1,900 ₪ (100 ₪ Coupon)",⚡ M.2 2280 PCIe NVMe (Swappable),Soldered LPDDR4x/5 (Fixed),5.0,12,🟢 In Stock,https://www.itoutlet.co.il/items/7617612-%D7%9E%D7%97%D7%A9%D7%91-%D7%A0%D7%99%D7%99%D7%93-%D7%9E%D7%97%D7%95%D7%93%D7%A9-Lenovo-ThinkPad-T14s-Gen-2-i5-16GB-512GB-SSD,
IT Outlet,מחשב נייד מחודש DELL Latitude 7420 i7/16GB/512GB SSD,Dell,Latitude,מחשב נייד מחודש DELL Latitude 7420 i7,Core i7 (11th Gen),16,512,2000,1900,"1,900 ₪ (100 ₪ Coupon)",⚡ M.2 2280 PCIe NVMe (Swappable),Soldered LPDDR4x/5 (Fixed),5.0,12,🟢 In Stock,https://www.itoutlet.co.il/items/5665104-%D7%9E%D7%97%D7%A9%D7%91-%D7%A0%D7%99%D7%99%D7%93-%D7%9E%D7%97%D7%95%D7%93%D7%A9-DELL-Latitude-7420-i7-16GB-512GB-SSD-,
IT Outlet,מחשב נייד מחודש Dell Latitude 3520 i7/16GB/512GB SSD,Dell,Latitude,מחשב נייד מחודש Dell Latitude 3520 i7,Core i7,16,512,2000,1900,"1,900 ₪ (100 ₪ Coupon)",⚡ M.2 2280 PCIe NVMe (Swappable),Modular / Semi-Modular,7.5,12,🟢 In Stock,https://www.itoutlet.co.il/items/9481010-%D7%9E%D7%97%D7%A9%D7%91-%D7%A0%D7%99%D7%99%D7%93-%D7%9E%D7%97%D7%95%D7%93%D7%A9-Dell-Latitude-3520-i7-16GB-512GB-SSD-,
IT Outlet,מחשב נייד מחודש Microsoft Surface 3 i7/16GB/500GB SSD,Microsoft,Surface,מחשב נייד מחודש Microsoft Surface 3 i7,Core i7,16,500,2000,1900,"1,900 ₪ (100 ₪ Coupon)",🔒 Soldered BGA NVMe (Non-swappable),Soldered (Non-upgradeable),1.0,12,🟢 In Stock,https://www.itoutlet.co.il/items/7283286-%D7%9E%D7%97%D7%A9%D7%91-%D7%A0%D7%99%D7%99%D7%93-%D7%9E%D7%97%D7%95%D7%93%D7%A9-Microsoft-Surface-3-i7-16GB-500GB-SSD,
IT Outlet,מחשב נייד מחודש Lenovo ThinkPad E14 Gen 4 i7/16GB/512GB SSD,Lenovo,ThinkPad,מחשב נייד מחודש Lenovo ThinkPad E14 Gen 4 i7,Core i7 (12th Gen),16,512,2000,1900,"1,900 ₪ (100 ₪ Coupon)",⚡ Dual M.2 NVMe Slots (2242 + 2280),1x Soldered + 1x SODIMM Slot,8.5,12,🟢 In Stock,https://www.itoutlet.co.il/items/8914011-%D7%9E%D7%97%D7%A9%D7%91-%D7%A0%D7%99%D7%99%D7%93-%D7%9E%D7%97%D7%95%D7%93%D7%A9-Lenovo-ThinkPad-E14-Gen-4-i7-16GB-512GB-SSD,
IT Outlet,מחשב נייד מחודש Lenovo ThinkPad P1 Gen 3 i7/32GB/512GB SSD,Lenovo,ThinkPad,מחשב נייד מחודש Lenovo ThinkPad P1 Gen 3 i7,Core i7,32,512,2000,1900,"1,900 ₪ (100 ₪ Coupon)",⚡ Dual M.2 PCIe NVMe Slots,2x SODIMM Slots (up to 64GB),9.5,12,🟢 In Stock,https://www.itoutlet.co.il/items/7476604-%D7%9E%D7%97%D7%A9%D7%91-%D7%A0%D7%99%D7%99%D7%93-%D7%9E%D7%97%D7%95%D7%93%D7%A9-Lenovo-ThinkPad-P1-Gen-3-i7-32GB-512GB-SSD,
IT Outlet,מחשב נייד מחודש Lenovo ThinkPad X1 Carbon Gen8 i7/16GB/500GB,Lenovo,ThinkPad,מחשב נייד מחודש Lenovo ThinkPad X1 Carbon Gen8 i7,Core i7,16,500,2000,1900,"1,900 ₪ (100 ₪ Coupon)",⚡ M.2 2280 PCIe NVMe (Swappable),Soldered LPDDR4x/5 (Fixed),5.0,12,🟢 In Stock,https://www.itoutlet.co.il/items/6505116-%D7%9E%D7%97%D7%A9%D7%91-%D7%A0%D7%99%D7%99%D7%93-%D7%9E%D7%97%D7%95%D7%93%D7%A9-Lenovo-ThinkPad-X1-Carbon-Gen8-i7-16GB-500GB,
IT Outlet,HP ProBook x360 435 G7 Ryzen 5/16GB/512GB SSD,HP,ProBook,HP ProBook x360 435 G7 Ryzen 5,AMD Ryzen 5 PRO,16,512,2000,1900,"1,900 ₪ (100 ₪ Coupon)",⚡ M.2 2280 PCIe NVMe (Swappable),Soldered LPDDR4x/5 (Fixed),5.0,12,🟢 In Stock,https://www.itoutlet.co.il/items/9538791-HP-ProBook-x360-435-G7-Ryzen-5-16GB-512GB-SSD,
IT Outlet,מחשב נייד מחודש Lenovo ThinkPad T14 GEN2 i7/32GB/512GB SSD,Lenovo,ThinkPad,מחשב נייד מחודש Lenovo ThinkPad T14 GEN2 i7,Core i7 (11th Gen),32,512,2000,1900,"1,900 ₪ (100 ₪ Coupon)",⚡ M.2 2280 PCIe NVMe (Swappable),1x Soldered + 1x SODIMM Slot (max 48GB),7.5,12,🟢 In Stock,https://www.itoutlet.co.il/items/8273750-%D7%9E%D7%97%D7%A9%D7%91-%D7%A0%D7%99%D7%99%D7%93-%D7%9E%D7%97%D7%95%D7%93%D7%A9-Lenovo-ThinkPad-T14-GEN2-i7-32GB-512GB-SSD,
IT Outlet,מחשב נייד מחודש לעריכה גרפית Lenovo ThinkPad P15 GEN1 i7/32GB/1TB SSD,Lenovo,ThinkPad,מחשב נייד מחודש לעריכה גרפית Lenovo ThinkPad P15 GEN1 i7,Core i7 (10th Gen),32,1000,2000,1900,"1,900 ₪ (100 ₪ Coupon)",⚡ Quad/Dual M.2 NVMe Slots,4x SODIMM Slots (up to 128GB),10.0,12,🟢 In Stock,https://www.itoutlet.co.il/items/7388291-%D7%9E%D7%97%D7%A9%D7%91-%D7%A0%D7%99%D7%99%D7%93-%D7%9E%D7%97%D7%95%D7%93%D7%A9-%D7%9C%D7%A2%D7%A8%D7%99%D7%9B%D7%94-%D7%92%D7%A8%D7%A4%D7%99%D7%AA-Lenovo-ThinkPad-P15-GEN1-i7-32GB-1TB-SSD,
IT Outlet,מחשב נייד מחודש לעריכה גרפית Lenovo ThinkPad P14s Gen 1 i7/32GB/1TB SSD,Lenovo,ThinkPad,מחשב נייד מחודש לעריכה גרפית Lenovo ThinkPad P14s Gen 1 i7,Core i7 (10th Gen),32,1000,2000,2500,"2,500 ₪ (Coupon IT14)",⚡ Dual M.2 PCIe NVMe Slots,2x SODIMM Slots (up to 64GB),9.5,12,🟢 In Stock,https://www.itoutlet.co.il/items/8733190-%D7%9E%D7%97%D7%A9%D7%91-%D7%A0%D7%99%D7%99%D7%93-%D7%9E%D7%97%D7%95%D7%93%D7%A9-%D7%9C%D7%A2%D7%A8%D7%99%D7%9B%D7%94-%D7%92%D7%A8%D7%A4%D7%99%D7%AA-Lenovo-ThinkPad-P14s-Gen-1-i7-32GB-1TB-SSD,
IT Outlet,מחשב נייד מחודש Lenovo ThinkPad T14s Gen 2 Ryzen 5/16GB/512GB SSD,Lenovo,ThinkPad,מחשב נייד מחודש Lenovo ThinkPad T14s Gen 2 Ryzen 5,AMD Ryzen 5 PRO,16,512,2000,1900,"1,900 ₪ (100 ₪ Coupon)",⚡ M.2 2280 PCIe NVMe (Swappable),Soldered LPDDR4x/5 (Fixed),5.0,12,🟢 In Stock,https://www.itoutlet.co.il/items/9505817-%D7%9E%D7%97%D7%A9%D7%91-%D7%A0%D7%99%D7%99%D7%93-%D7%9E%D7%97%D7%95%D7%93%D7%A9-Lenovo-ThinkPad-T14s-Gen-2-Ryzen-5-16GB-512GB-SSD,
IT Outlet,מחשב מחודש לעריכה גרפית HP ZBook Firefly 14 G7 i7/32GB/1TB SSD,HP,ZBook Firefly,מחשב מחודש לעריכה גרפית HP ZBook Firefly 14 G7 i7,Core i7 (10th Gen),32,1000,2000,1900,"1,900 ₪ (100 ₪ Coupon)",⚡ M.2 2280 PCIe NVMe (Swappable),2x SODIMM Slots (up to 64GB),9.0,12,🟢 In Stock,https://www.itoutlet.co.il/items/7408604-%D7%9E%D7%97%D7%A9%D7%91-%D7%9E%D7%97%D7%95%D7%93%D7%A9-%D7%9C%D7%A2%D7%A8%D7%99%D7%9B%D7%94-%D7%92%D7%A8%D7%A4%D7%99%D7%AA-HP-ZBook-Firefly-14-G7-i7-32GB-1TB-SSD-,
IT Outlet,מחשב נייד מחודש Microsoft Surface 4 i7/16GB/500GB SSD,Microsoft,Surface,מחשב נייד מחודש Microsoft Surface 4 i7,Core i7,16,500,2000,1900,"1,900 ₪ (100 ₪ Coupon)",🔒 Soldered BGA NVMe (Non-swappable),Soldered (Non-upgradeable),1.0,12,🟢 In Stock,https://www.itoutlet.co.il/items/7777501-%D7%9E%D7%97%D7%A9%D7%91-%D7%A0%D7%99%D7%99%D7%93-%D7%9E%D7%97%D7%95%D7%93%D7%A9-Microsoft-Surface-4-i7-16GB-500GB-SSD,
IT Outlet,מחשב נייד מחודש Lenovo ThinkPad T14s Gen 2 i7/32GB/1TB NVMe,Lenovo,ThinkPad,מחשב נייד מחודש Lenovo ThinkPad T14s Gen 2 i7,Core i7 (11th Gen),32,1000,2000,1900,"1,900 ₪ (100 ₪ Coupon)",⚡ M.2 2280 PCIe NVMe (Swappable),Soldered LPDDR4x/5 (Fixed),5.0,12,🟢 In Stock,https://www.itoutlet.co.il/items/8385913-%D7%9E%D7%97%D7%A9%D7%91-%D7%A0%D7%99%D7%99%D7%93-%D7%9E%D7%97%D7%95%D7%93%D7%A9-Lenovo-ThinkPad-T14s-Gen-2-i7-32GB-1TB-NVMe,
IT Outlet,מחשב נייד מחודש Dell Latitude 5330 i7/32GB/512GB SSD,Dell,Latitude,מחשב נייד מחודש Dell Latitude 5330 i7,Core i7,32,512,2000,1900,"1,900 ₪ (100 ₪ Coupon)",⚡ M.2 2280 PCIe NVMe (Swappable),Modular / Semi-Modular,7.5,12,🟢 In Stock,https://www.itoutlet.co.il/items/9530736-%D7%9E%D7%97%D7%A9%D7%91-%D7%A0%D7%99%D7%99%D7%93-%D7%9E%D7%97%D7%95%D7%93%D7%A9-Dell-Latitude-5330-i7-32GB-512GB-SSD-,
IT Outlet,מחשב נייד מחודש Dell Latitude 5430 i7/32GB/500GB SSD,Dell,Latitude,מחשב נייד מחודש Dell Latitude 5430 i7,Core i7,32,500,2000,1900,"1,900 ₪ (100 ₪ Coupon)",⚡ M.2 2280 PCIe NVMe (Swappable),2x SODIMM Slots (up to 64GB),9.0,12,🟢 In Stock,https://www.itoutlet.co.il/items/8488051-%D7%9E%D7%97%D7%A9%D7%91-%D7%A0%D7%99%D7%99%D7%93-%D7%9E%D7%97%D7%95%D7%93%D7%A9-Dell-Latitude-5430-i7-32GB-500GB-SSD-,
IT Outlet,HP ProBook x360 435 G7 Ryzen 7/32GB/512GB SSD,HP,ProBook,HP ProBook x360 435 G7 Ryzen 7,AMD Ryzen 7 PRO,32,512,2000,1900,"1,900 ₪ (100 ₪ Coupon)",⚡ M.2 2280 PCIe NVMe (Swappable),Soldered LPDDR4x/5 (Fixed),5.0,12,🟢 In Stock,https://www.itoutlet.co.il/items/9538702-HP-ProBook-x360-435-G7-Ryzen-7-32GB-512GB-SSD,
IT Outlet,מחשב נייד מחודש Dell Latitude 5530 i7/32GB/512GB SSD,Dell,Latitude,מחשב נייד מחודש Dell Latitude 5530 i7,Core i7,32,512,2000,1900,"1,900 ₪ (100 ₪ Coupon)",⚡ M.2 2280 PCIe NVMe (Swappable),2x SODIMM Slots (up to 64GB),9.0,12,🟢 In Stock,https://www.itoutlet.co.il/items/8314070-%D7%9E%D7%97%D7%A9%D7%91-%D7%A0%D7%99%D7%99%D7%93-%D7%9E%D7%97%D7%95%D7%93%D7%A9-Dell-Latitude-5530-i7-32GB-512GB-SSD-,
IT Outlet,מחשב נייד מחודש לעריכה גרפית Lenovo ThinkPad P14s Gen 2 i7/32GB/1TB SSD,Lenovo,ThinkPad,מחשב נייד מחודש לעריכה גרפית Lenovo ThinkPad P14s Gen 2 i7,Core i7 (11th Gen),32,1000,2000,2500,"2,500 ₪ (Coupon IT14)",⚡ Dual M.2 PCIe NVMe Slots,2x SODIMM Slots (up to 64GB),9.5,12,🟢 In Stock,https://www.itoutlet.co.il/items/7285805-%D7%9E%D7%97%D7%A9%D7%91-%D7%A0%D7%99%D7%99%D7%93-%D7%9E%D7%97%D7%95%D7%93%D7%A9-%D7%9C%D7%A2%D7%A8%D7%99%D7%9B%D7%94-%D7%92%D7%A8%D7%A4%D7%99%D7%AA-Lenovo-ThinkPad-P14s-Gen-2-i7-32GB-1TB-SSD,
IT Outlet,מחשב מחודש לעריכה גרפית HP ZBook Firefly 14 G8 i7/32GB/1TB SSD,HP,ZBook Firefly,מחשב מחודש לעריכה גרפית HP ZBook Firefly 14 G8 i7,Core i7 (11th Gen),32,1000,2000,1900,"1,900 ₪ (100 ₪ Coupon)",⚡ M.2 2280 PCIe NVMe (Swappable),2x SODIMM Slots (up to 64GB),9.0,12,🟢 In Stock,https://www.itoutlet.co.il/items/9210216-%D7%9E%D7%97%D7%A9%D7%91-%D7%9E%D7%97%D7%95%D7%93%D7%A9-%D7%9C%D7%A2%D7%A8%D7%99%D7%9B%D7%94-%D7%92%D7%A8%D7%A4%D7%99%D7%AA-HP-ZBook-Firefly-14-G8-i7-32GB-1TB-SSD-,
IT Outlet,מחשב נייד מחודש לעריכה גרפית Lenovo ThinkPad P1 Gen 3 i9/32GB/1TB SSD,Lenovo,ThinkPad,מחשב נייד מחודש לעריכה גרפית Lenovo ThinkPad P1 Gen 3 i9,Core i9,32,1000,2000,1900,"1,900 ₪ (100 ₪ Coupon)",⚡ Dual M.2 PCIe NVMe Slots,2x SODIMM Slots (up to 64GB),9.5,12,🟢 In Stock,https://www.itoutlet.co.il/items/7897909-%D7%9E%D7%97%D7%A9%D7%91-%D7%A0%D7%99%D7%99%D7%93-%D7%9E%D7%97%D7%95%D7%93%D7%A9-%D7%9C%D7%A2%D7%A8%D7%99%D7%9B%D7%94-%D7%92%D7%A8%D7%A4%D7%99%D7%AA-Lenovo-ThinkPad-P1-Gen-3-i9-32GB-1TB-SSD,
IT Outlet,מחשב נייד מחודש Dell Latitude 7330 i7/16GB/512GB SSD,Dell,Latitude,מחשב נייד מחודש Dell Latitude 7330 i7,Core i7,16,512,2000,1900,"1,900 ₪ (100 ₪ Coupon)",⚡ M.2 2280 PCIe NVMe (Swappable),Modular / Semi-Modular,7.5,12,🟢 In Stock,https://www.itoutlet.co.il/items/7892116-%D7%9E%D7%97%D7%A9%D7%91-%D7%A0%D7%99%D7%99%D7%93-%D7%9E%D7%97%D7%95%D7%93%D7%A9-Dell-Latitude-7330-i7-16GB-512GB-SSD-,
IT Outlet,מחשב נייד מחודש Lenovo Thinkpad X1 Yoga Gen6 i7/16GB/500GB,Lenovo,ThinkPad,מחשב נייד מחודש Lenovo Thinkpad X1 Yoga Gen6 i7,Core i7,16,500,2000,1900,"1,900 ₪ (100 ₪ Coupon)",⚡ M.2 2280 PCIe NVMe (Swappable),Modular / Semi-Modular,7.5,12,🟢 In Stock,https://www.itoutlet.co.il/items/8299691-%D7%9E%D7%97%D7%A9%D7%91-%D7%A0%D7%99%D7%99%D7%93-%D7%9E%D7%97%D7%95%D7%93%D7%A9-Lenovo-Thinkpad-X1-Yoga-Gen6-i7-16GB-500GB-,
IT Outlet,מחשב נייד מחודש Lenovo ThinkPad X1 Carbon Gen9 i7/16GB/1TB,Lenovo,ThinkPad,מחשב נייד מחודש Lenovo ThinkPad X1 Carbon Gen9 i7,Core i7,16,1000,2000,1900,"1,900 ₪ (100 ₪ Coupon)",⚡ M.2 2280 PCIe NVMe (Swappable),Soldered LPDDR4x/5 (Fixed),5.0,12,🟢 In Stock,https://www.itoutlet.co.il/items/8299647-%D7%9E%D7%97%D7%A9%D7%91-%D7%A0%D7%99%D7%99%D7%93-%D7%9E%D7%97%D7%95%D7%93%D7%A9-Lenovo-ThinkPad-X1-Carbon-Gen9-i7-16GB-1TB,
IT Outlet,מחשב נייד מחודש Dell Latitude 5431 i7/32GB/1TB SSD,Dell,Latitude,מחשב נייד מחודש Dell Latitude 5431 i7,Core i7 (12th Gen),32,1000,2000,1900,"1,900 ₪ (100 ₪ Coupon)",⚡ M.2 2280 PCIe NVMe (Swappable),2x SODIMM Slots (up to 64GB),9.0,12,🟢 In Stock,https://www.itoutlet.co.il/items/6960903-%D7%9E%D7%97%D7%A9%D7%91-%D7%A0%D7%99%D7%99%D7%93-%D7%9E%D7%97%D7%95%D7%93%D7%A9-Dell-Latitude-5431-i7-32GB-1TB-SSD-,
IT Outlet,מחשב נייד מחודש Dell Latitude 5531 i7/32GB/1TB SSD,Dell,Latitude,מחשב נייד מחודש Dell Latitude 5531 i7,Core i7 (12th Gen),32,1000,2000,1900,"1,900 ₪ (100 ₪ Coupon)",⚡ M.2 2280 PCIe NVMe (Swappable),2x SODIMM Slots (up to 64GB),9.0,12,🟢 In Stock,https://www.itoutlet.co.il/items/6960942-%D7%9E%D7%97%D7%A9%D7%91-%D7%A0%D7%99%D7%99%D7%93-%D7%9E%D7%97%D7%95%D7%93%D7%A9-Dell-Latitude-5531-i7-32GB-1TB-SSD-,
IT Outlet,מחשב נייד מחודש Lenovo ThinkPad P15v Gen 2 i9/32GB/512GB SSD,Lenovo,ThinkPad,מחשב נייד מחודש Lenovo ThinkPad P15v Gen 2 i9,Core i9 (11th Gen),32,512,2000,1900,"1,900 ₪ (100 ₪ Coupon)",⚡ Dual M.2 PCIe NVMe Slots,2x SODIMM Slots (up to 64GB),9.5,12,🟢 In Stock,https://www.itoutlet.co.il/items/9319793-%D7%9E%D7%97%D7%A9%D7%91-%D7%A0%D7%99%D7%99%D7%93-%D7%9E%D7%97%D7%95%D7%93%D7%A9-Lenovo-ThinkPad-P15v-Gen-2-i9-32GB-512GB-SSD,
IT Outlet,מחשב נייד מחודש Microsoft Surface 4 i7/32GB/1TB SSD,Microsoft,Surface,מחשב נייד מחודש Microsoft Surface 4 i7,Core i7,32,1000,2000,1900,"1,900 ₪ (100 ₪ Coupon)",🔒 Soldered BGA NVMe (Non-swappable),Soldered (Non-upgradeable),1.0,12,🟢 In Stock,https://www.itoutlet.co.il/items/9347740-%D7%9E%D7%97%D7%A9%D7%91-%D7%A0%D7%99%D7%99%D7%93-%D7%9E%D7%97%D7%95%D7%93%D7%A9-Microsoft-Surface-4-i7-32GB-1TB-SSD,
IT Outlet,מחשב נייד מחודש לעריכה גרפית Lenovo ThinkPad P15 GEN2 i7/64GB/1TB SSD,Lenovo,ThinkPad,מחשב נייד מחודש לעריכה גרפית Lenovo ThinkPad P15 GEN2 i7,Core i7 (11th Gen),64,1000,2000,1900,"1,900 ₪ (100 ₪ Coupon)",⚡ Quad/Dual M.2 NVMe Slots,4x SODIMM Slots (up to 128GB),10.0,12,🟢 In Stock,https://www.itoutlet.co.il/items/8501585-%D7%9E%D7%97%D7%A9%D7%91-%D7%A0%D7%99%D7%99%D7%93-%D7%9E%D7%97%D7%95%D7%93%D7%A9-%D7%9C%D7%A2%D7%A8%D7%99%D7%9B%D7%94-%D7%92%D7%A8%D7%A4%D7%99%D7%AA-Lenovo-ThinkPad-P15-GEN2-i7-64GB-1TB-SSD,
Ecology Computers,"HP ZBook G7 14"" i5 16GB 240GB",HP,ZBook,"HP ZBook G7 14"" i5 16GB 240GB",Core i5 (10th Gen),16,240,1849,1849,"1,849 ₪ (24M Warranty)",⚡ M.2 2280 PCIe NVMe (Swappable),Modular / Semi-Modular,7.5,24,🟢 In Stock (24M Warranty),https://www.ecommunity.org.il/hp_zbook_i5,
Ecology Computers,HP EliteBook x360 830 G8 Touch i7 16GB 512GB,HP,EliteBook,HP EliteBook x360 830 G8 Touch i7 16GB 512GB,Core i7 (11th Gen),16,512,2199,2199,"2,199 ₪ (24M Warranty)",⚡ M.2 2280 PCIe NVMe (Swappable),Soldered LPDDR4x/5 (Fixed),5.0,24,🟢 In Stock (24M Warranty),https://www.ecommunity.org.il/lti71030g8_touch,
Ecology Computers,Dell Latitude 5480 i5 8GB 256GB,Dell,Latitude,Dell Latitude 5480 i5 8GB 256GB,Core i5 (7th Gen),8,256,1049,1049,"1,049 ₪ (24M Warranty)","🐢 2.5"" SATA SSD / Bay",2x SODIMM Slots,8.0,24,🟢 In Stock (24M Warranty),https://www.ecommunity.org.il/page_19398,
Ecology Computers,Lenovo ThinkPad E14 i5 16GB 512GB Dual SSD,Lenovo,ThinkPad,Lenovo ThinkPad E14 i5 16GB 512GB Dual SSD,Core i5,16,512,1850,1850,"1,850 ₪ (24M Warranty)",⚡ Dual M.2 NVMe Slots (2242 + 2280),1x Soldered + 1x SODIMM Slot,8.5,24,🟢 In Stock (24M Warranty),https://www.ecommunity.org.il/page_20368,
Ecology Computers,Dell Latitude 7320 i7 16GB 256GB (1.2 kg),Dell,Latitude,Dell Latitude 7320 i7 16GB 256GB (1.2 kg),Core i7 (11th Gen),16,256,1949,1949,"1,949 ₪ (24M Warranty)",⚡ M.2 2280 PCIe NVMe (Swappable),Soldered LPDDR4x/5 (Fixed),5.0,24,🟢 In Stock (24M Warranty),https://www.ecommunity.org.il/page_21110,
Ecology Computers,Lenovo ThinkPad X280 i5 8GB 240GB,Lenovo,ThinkPad,Lenovo ThinkPad X280 i5 8GB 240GB,Core i5 (8th Gen),8,240,999,999,999 ₪ (24M Warranty),⚡ M.2 2280 PCIe NVMe (Swappable),Soldered LPDDR4x/5 (Fixed),5.0,24,🟢 In Stock (24M Warranty),https://www.ecommunity.org.il/page_21809,
Ecology Computers,Dell Latitude 5410 i5 8GB 240GB,Dell,Latitude,Dell Latitude 5410 i5 8GB 240GB,Core i5 (10th Gen),8,240,1399,1399,"1,399 ₪ (24M Warranty)",⚡ M.2 2280 PCIe NVMe (Swappable),2x SODIMM Slots (up to 64GB),9.0,24,🟢 In Stock (24M Warranty),https://www.ecommunity.org.il/page_22509,
Ecology Computers,HP ZBook Fury 15 G7 i7 16GB 512GB (45W GPU),HP,ZBook Fury,HP ZBook Fury 15 G7 i7 16GB 512GB (45W GPU),Core i7 (10th Gen),16,512,3499,3499,"3,499 ₪ (24M Warranty)",⚡ Quad/Dual M.2 NVMe Slots,4x SODIMM Slots (up to 128GB),10.0,24,🟢 In Stock (24M Warranty),https://www.ecommunity.org.il/page_25916,
Ecology Computers,HP ZBook Fury 15 G8 i7 16GB 512GB (45W GPU),HP,ZBook Fury,HP ZBook Fury 15 G8 i7 16GB 512GB (45W GPU),Core i7 (11th Gen),16,512,3699,3699,"3,699 ₪ (24M Warranty)",⚡ Quad/Dual M.2 NVMe Slots,4x SODIMM Slots (up to 128GB),10.0,24,🟢 In Stock (24M Warranty),https://www.ecommunity.org.il/page_26485,
Ecology Computers,HP ZBook 15 G6 i7 16GB 512GB Quadro GPU,HP,ZBook,HP ZBook 15 G6 i7 16GB 512GB Quadro GPU,Core i7 (8th Gen),16,512,2799,2799,"2,799 ₪ (24M Warranty)",⚡ M.2 2280 PCIe NVMe (Swappable),Modular / Semi-Modular,7.5,24,🟢 In Stock (24M Warranty),https://www.ecommunity.org.il/page_26486,
Ecology Computers,HP EliteBook 850 G7 i5 8GB 256GB,HP,EliteBook,HP EliteBook 850 G7 i5 8GB 256GB,Core i5 (10th Gen),8,256,1849,1849,"1,849 ₪ (24M Warranty)",⚡ M.2 2280 PCIe NVMe (Swappable),2x SODIMM Slots (up to 64GB),9.0,24,🟢 In Stock (24M Warranty),https://www.ecommunity.org.il/page_27023,
Ecology Computers,Lenovo ThinkPad T14 Touch i5 16GB 256GB,Lenovo,ThinkPad,Lenovo ThinkPad T14 Touch i5 16GB 256GB,Core i5,16,256,1849,1849,"1,849 ₪ (24M Warranty)",⚡ M.2 2280 PCIe NVMe (Swappable),1x Soldered + 1x SODIMM Slot (max 48GB),7.5,24,🟢 In Stock (24M Warranty),https://www.ecommunity.org.il/thinkpad_t14,
Ecology Computers,HP/Dell/Lenovo G-4 i5 8GB 240GB,Lenovo,Business Laptop,HP/Dell/Lenovo G-4 i5 8GB 240GB,Core i5 (4th Gen),8,240,849,849,849 ₪ (24M Warranty),"🐢 2.5"" SATA SSD / Bay",2x SODIMM Slots,8.0,24,🟢 In Stock (24M Warranty),https://www.ecommunity.org.il/%D7%9E%D7%97%D7%A9%D7%91-%D7%A0%D7%99%D7%99%D7%93-i5-%D7%9E%D7%97%D7%95%D7%93%D7%A9,
Ecology Computers,Lenovo ThinkPad E480 i7 16GB 240GB,Lenovo,ThinkPad,Lenovo ThinkPad E480 i7 16GB 240GB,Core i7 (8th Gen),16,240,1349,1349,"1,349 ₪ (24M Warranty)",⚡ M.2 2280 PCIe NVMe (Swappable),2x SODIMM Slots (up to 64GB),9.0,24,🟢 In Stock (24M Warranty),https://www.ecommunity.org.il/%D7%9E%D7%97%D7%A9%D7%91-%D7%A0%D7%99%D7%99%D7%93-%D7%9C%D7%A0%D7%95%D7%91%D7%95-lenovo-i7-thinkpad-e480-14-%D7%9E%D7%97%D7%95%D7%93%D7%A9,
Ecology Computers,HP EliteBook 840 G8 i5 16GB 256GB,HP,EliteBook,HP EliteBook 840 G8 i5 16GB 256GB,Core i5 (11th Gen),16,256,1849,1849,"1,849 ₪ (24M Warranty)",⚡ M.2 2280 PCIe NVMe (Swappable),2x SODIMM Slots (up to 64GB),9.0,24,🟢 In Stock (24M Warranty),https://www.ecommunity.org.il/%D7%A0%D7%99%D7%99%D7%93-hp-i5-%D7%9E%D7%97%D7%95%D7%93%D7%A9,
Recomp Computers,מחשב נייד מחודש Dell Latitude 7420 i5,Dell,Latitude,מחשב נייד מחודש Dell Latitude 7420 i5,Core i5 (11th Gen),16,512,2450,2450,"2,450 ₪",⚡ M.2 2280 PCIe NVMe (Swappable),Soldered LPDDR4x/5 (Fixed),5.0,12,🟢 In Stock,https://recomp.co.il/product/%d7%9e%d7%97%d7%a9%d7%91-%d7%a0%d7%99%d7%99%d7%93-%d7%9e%d7%97%d7%95%d7%93%d7%a9-dell-latitude-7420-i5/,
Recomp Computers,dell latitude 7430 i7 1270p,Dell,Latitude,dell latitude 7430 i7 1270p,Core i7 (12th Gen),16,512,3950,3950,"3,950 ₪",⚡ M.2 2280 PCIe NVMe (Swappable),Soldered LPDDR4x/5 (Fixed),5.0,12,🟢 In Stock,https://recomp.co.il/product/%d7%9e%d7%97%d7%a9%d7%91-%d7%a0%d7%99%d7%99%d7%93-%d7%9e%d7%97%d7%95%d7%93%d7%a9-dell-latitude-7430-i7-1270p/,
Recomp Computers,מחשב נייד מחודש HP ZBook Firefly 15 G7 i7,HP,ZBook Firefly,מחשב נייד מחודש HP ZBook Firefly 15 G7 i7,Core i7 (10th Gen),16,512,3200,3200,"3,200 ₪",⚡ M.2 2280 PCIe NVMe (Swappable),2x SODIMM Slots (up to 64GB),9.0,12,🟢 In Stock,https://recomp.co.il/product/%d7%9e%d7%97%d7%a9%d7%91-%d7%a0%d7%99%d7%99%d7%93-%d7%9e%d7%97%d7%95%d7%93%d7%a9-hp-zbook-firefly-15-g7-i7/,
Recomp Computers,lenovo laptop thinkpad t490s,Lenovo,ThinkPad,lenovo laptop thinkpad t490s,Core i3,16,512,2500,2500,"2,500 ₪",⚡ M.2 2280 PCIe NVMe (Swappable),Modular / Semi-Modular,7.5,12,🟢 In Stock,https://recomp.co.il/product/%d7%9e%d7%97%d7%a9%d7%91-%d7%a0%d7%99%d7%99%d7%93-%d7%9e%d7%97%d7%95%d7%93%d7%a9-lenovo-thinkpad-t490s-i5/,
Recomp Computers,מחשב נייד מחודש Lenovo ThinkPad X1 Carbon i7-10Gen,Lenovo,ThinkPad,מחשב נייד מחודש Lenovo ThinkPad X1 Carbon i7-10Gen,Core i7,16,512,2500,2500,"2,500 ₪",⚡ M.2 2280 PCIe NVMe (Swappable),Soldered LPDDR4x/5 (Fixed),5.0,12,🟢 In Stock,https://recomp.co.il/product/%d7%9e%d7%97%d7%a9%d7%91-%d7%a0%d7%99%d7%99%d7%93-%d7%9e%d7%97%d7%95%d7%93%d7%a9-lenovo-thinkpad-x1-carbon-i7-10gen/,
Recomp Computers,מחשב נייד מחודש Lenovo ThinkPad X1 Carbon i7-10Gen,Lenovo,ThinkPad,מחשב נייד מחודש Lenovo ThinkPad X1 Carbon i7-10Gen,Core i7,16,512,2500,2500,"2,500 ₪",⚡ M.2 2280 PCIe NVMe (Swappable),Soldered LPDDR4x/5 (Fixed),5.0,12,🟢 In Stock,https://recomp.co.il/product/%d7%9e%d7%97%d7%a9%d7%91-%d7%a0%d7%99%d7%99%d7%93-%d7%9e%d7%97%d7%95%d7%93%d7%a9-lenovo-thinkpad-x1-carbon-i7-11gen/,
Recomp Computers,מחשב שולחני מחודש HP Mini 800 G4 i5 8Gen,HP,Business Laptop,מחשב שולחני מחודש HP Mini 800 G4 i5 8Gen,Core i5,16,512,2500,2500,"2,500 ₪",⚡ M.2 2280 PCIe NVMe (Swappable),Modular / Semi-Modular,7.5,12,🟢 In Stock,https://recomp.co.il/product/%d7%9e%d7%97%d7%a9%d7%91-%d7%a9%d7%95%d7%9c%d7%97%d7%a0%d7%99-%d7%9e%d7%97%d7%95%d7%93%d7%a9-hp-mini-800-g4-i5-8gen/,
Recomp Computers,מחשב שולחני מחודש HP Mini 800 G4 i5 8Gen,HP,Business Laptop,מחשב שולחני מחודש HP Mini 800 G4 i5 8Gen,Core i5,16,512,2500,2500,"2,500 ₪",⚡ M.2 2280 PCIe NVMe (Swappable),Modular / Semi-Modular,7.5,12,🟢 In Stock,https://recomp.co.il/product/%d7%9e%d7%97%d7%a9%d7%91-%d7%a9%d7%95%d7%9c%d7%97%d7%a0%d7%99-%d7%9e%d7%97%d7%95%d7%93%d7%a9-hp-mini-800-g4-i5-10gen/,
