store,title,brand,model,device_type,ram_gb,storage_gb,price_ils,deal_price_ils,deal_label,warranty_months,stock_status,url,screen_size_in,image_url,confidence_level,scraped_at
GoMobile Outlet,מחודש Apple iPhone 17 Pro 256GB Cosmic Orange Dual-eSIM ללא סים פיזי,Apple,מחודש Apple iPhone 17 Pro 256GB Cosmic Orange Dual-eSIM ללא סים פיזי,phone,4,256,3699,3699,"3,699 ₪",3,🟢 In Stock,https://www.gomobile.co.il/product/%d7%9e%d7%97%d7%95%d7%93%d7%a9-apple-iphone-17-pro-256gb-cosmic-orange-dual-esim-%d7%9c%d7%9c%d7%90-%d7%a1%d7%99%d7%9d-%d7%a4%d7%99%d7%96%d7%99/,6.1,,verified,2026-10-10
GoMobile Outlet,שיאומי Xiaomi Poco F7 Pro 512GB 12GB Silver מחודש,Xiaomi,שיאומי Xiaomi Poco F7 Pro 512GB 12GB Silver מחודש,phone,12,512,1599,1599,"1,599 ₪",3,🟢 In Stock,https://www.gomobile.co.il/product/%d7%a9%d7%99%d7%90%d7%95%d7%9e%d7%99-xiaomi-poco-f7-pro-512gb-12gb-silver-%d7%9e%d7%97%d7%95%d7%93%d7%a9/,6.1,,verified,2026-10-10
GoMobile Outlet,טלפון סלולרי Samsung Galaxy A36 SM-A366B 256GB 8GB שחור מחודש ללא מקליט שיחות,Samsung,טלפון סלולרי Samsung Galaxy A36 SM-A366B 256GB 8GB שחור מחודש ללא מקליט שיחות,phone,6,256,899,899,899 ₪,3,🟢 In Stock,https://www.gomobile.co.il/product/%d7%98%d7%9c%d7%a4%d7%95%d7%9f-%d7%a1%d7%9c%d7%95%d7%9c%d7%a8%d7%99-samsung-galaxy-a36-sm-a366b-256gb-8gb-%d7%a9%d7%97%d7%95%d7%a8-%d7%9e%d7%97%d7%95%d7%93%d7%a9-%d7%9c%d7%9c%d7%90-%d7%9e%d7%a7%d7%9c/,6.1,,verified,2026-10-10
GoMobile Outlet,Samsung Galaxy S24 Plus SM-S926B/DS 256GB 12GB RAM סגול מחודש,Samsung,Samsung Galaxy S24 Plus SM-S926B/DS 256GB 12GB RAM סגול מחודש,phone,12,256,2359,2359,"2,359 ₪",3,🟢 In Stock,https://www.gomobile.co.il/product/samsung-galaxy-s24-plus-sm-s926b-ds-256gb-12gb-ram-%d7%a1%d7%92%d7%95%d7%9c-%d7%9e%d7%97%d7%95%d7%93%d7%a9/,6.7,,verified,2026-10-10
GoMobile Outlet,Realme 11 Pro RMX3771 256GB 8GB שחור (מחודש),Realme,Realme 11 Pro RMX3771 256GB 8GB שחור (מחודש),phone,6,256,707,707,707 ₪,3,🟢 In Stock,https://www.gomobile.co.il/product/realme-11-pro-rmx3771-256gb-8gb-%d7%a9%d7%97%d7%95%d7%a8-%d7%9e%d7%97%d7%95%d7%93%d7%a9/,6.1,,verified,2026-10-10
GoMobile Outlet,מחודש Pixel 10 256GB 12GB שחור,Google,מחודש Pixel 10 256GB 12GB שחור,phone,6,256,1999,1999,"1,999 ₪",3,🟢 In Stock,https://www.gomobile.co.il/product/%d7%9e%d7%97%d7%95%d7%93%d7%a9-pixel-10-256gb-12gb-%d7%a9%d7%97%d7%95%d7%a8/,6.1,,verified,2026-10-10
GoMobile Outlet,Xiaomi 13T Pro 5G 512GB 12GB RAM שחור מחודש,Xiaomi,Xiaomi 13T Pro 5G 512GB 12GB RAM שחור מחודש,phone,12,512,1999,1999,"1,999 ₪",3,🟢 In Stock,https://www.gomobile.co.il/product/xiaomi-13t-pro-5g-512gb-12gb-black-eu-%d7%9e%d7%97%d7%95%d7%93%d7%a9/,6.1,,verified,2026-10-10
GoMobile Outlet,מחודש Xiaomi Poco F7 Ultra 512GB 16GB,Xiaomi,מחודש Xiaomi Poco F7 Ultra 512GB 16GB,phone,12,512,2349,2349,"2,349 ₪",3,🟢 In Stock,https://www.gomobile.co.il/product/%d7%9e%d7%97%d7%95%d7%93%d7%a9-xiaomi-poco-f7-ultra-512gb-16gb/,6.7,,verified,2026-10-10
GoMobile Outlet,Realme GT 6T 256GB 12GB RAM כסוף מחודש,Realme,Realme GT 6T 256GB 12GB RAM כסוף מחודש,phone,12,256,1499,1499,"1,499 ₪",3,🟢 In Stock,https://www.gomobile.co.il/product/realme-gt-6t-256gb-12gb-ram-%d7%9b%d7%a1%d7%95%d7%a3-%d7%9e%d7%97%d7%95%d7%93%d7%a9/,6.1,,verified,2026-10-10
GoMobile Outlet,שריטה קלה בגב המכשיר Samsung Galaxy S25 SM-S931B/DS 256GB 12GB Icy Blue מחודש,Samsung,שריטה קלה בגב המכשיר Samsung Galaxy S25 SM-S931B/DS 256GB 12GB Icy Blue מחודש,phone,6,256,2241,2241,"2,241 ₪",3,🟢 In Stock,https://www.gomobile.co.il/product/%d7%97%d7%93%d7%a9-%d7%a9%d7%a8%d7%99%d7%98%d7%94-%d7%a7%d7%9c%d7%94-%d7%91%d7%92%d7%91-%d7%94%d7%9e%d7%9b%d7%a9%d7%99%d7%a8-samsung-galaxy-s25-sm-s931b-ds-256gb-12gb-icy-blue/,5.8,,verified,2026-10-10
IT Outlet,טאבלט מחודש Samsung Galaxy Tab A 10.1 (2019),Samsung,טאבלט מחודש Samsung Galaxy Tab A 10.1 (2019),tablet,6,128,549,549,549 ₪,12,🟢 In Stock,https://www.itoutlet.co.il/items/9107086-%D7%98%D7%90%D7%91%D7%9C%D7%98-%D7%9E%D7%97%D7%95%D7%93%D7%A9-Samsung-Galaxy-Tab-A-10-1-2019-%D7%A1%D7%9E%D7%A1%D7%95%D7%A0%D7%92,10.1,,verified,2026-10-10
IT Outlet,טלפון סלולרי מחודש Apple iPhone 11 128GB,Apple,טלפון סלולרי מחודש Apple iPhone 11 128GB,phone,4,128,599,599,599 ₪,12,🟢 In Stock,https://www.itoutlet.co.il/items/4305144--%D7%98%D7%9C%D7%A4%D7%95%D7%9F-%D7%A1%D7%9C%D7%95%D7%9C%D7%A8%D7%99-%D7%9E%D7%97%D7%95%D7%93%D7%A9-Apple-iPhone-11-128GB,6.1,,verified,2026-10-10
IT Outlet,טלפון סלולרי מחודש Apple iPhone 11 Pro 256GB,Apple,טלפון סלולרי מחודש Apple iPhone 11 Pro 256GB,phone,4,256,699,699,699 ₪,12,🟢 In Stock,https://www.itoutlet.co.il/items/7972151--%D7%98%D7%9C%D7%A4%D7%95%D7%9F-%D7%A1%D7%9C%D7%95%D7%9C%D7%A8%D7%99-%D7%9E%D7%97%D7%95%D7%93%D7%A9-Apple-iPhone-11-Pro-256GB,6.1,,verified,2026-10-10
IT Outlet,טלפון סלולרי מחודש Apple iPhone 12 64GB,Apple,טלפון סלולרי מחודש Apple iPhone 12 64GB,phone,4,64,699,699,699 ₪,12,🟢 In Stock,https://www.itoutlet.co.il/items/9041395-%D7%98%D7%9C%D7%A4%D7%95%D7%9F-%D7%A1%D7%9C%D7%95%D7%9C%D7%A8%D7%99-%D7%9E%D7%97%D7%95%D7%93%D7%A9-Apple-iPhone-12-64GB-,6.1,,verified,2026-10-10
IT Outlet,טלפון סלולרי מחודש Apple iPhone 12 64GB,Apple,טלפון סלולרי מחודש Apple iPhone 12 64GB,phone,4,64,749,749,749 ₪,12,🟢 In Stock,https://www.itoutlet.co.il/items/7949343-%D7%98%D7%9C%D7%A4%D7%95%D7%9F-%D7%A1%D7%9C%D7%95%D7%9C%D7%A8%D7%99-%D7%9E%D7%97%D7%95%D7%93%D7%A9-Apple-iPhone-12-64GB-,6.1,,verified,2026-10-10
IT Outlet,טלפון סלולרי מחודש Samsung Galaxy S20 FE 128GB,Samsung,טלפון סלולרי מחודש Samsung Galaxy S20 FE 128GB,phone,8,128,849,849,849 ₪,12,🟢 In Stock,https://www.itoutlet.co.il/items/9143332-%D7%98%D7%9C%D7%A4%D7%95%D7%9F-%D7%A1%D7%9C%D7%95%D7%9C%D7%A8%D7%99-%D7%9E%D7%97%D7%95%D7%93%D7%A9-Samsung-Galaxy-S20-FE-128GB-%D7%A1%D7%9E%D7%A1%D7%95%D7%A0%D7%92,6.1,,verified,2026-10-10
IT Outlet,טלפון סלולרי מחודש Apple iPhone 11 Pro Max 256GB,Apple,טלפון סלולרי מחודש Apple iPhone 11 Pro Max 256GB,phone,8,256,849,849,849 ₪,12,🟢 In Stock,https://www.itoutlet.co.il/items/8506256--%D7%98%D7%9C%D7%A4%D7%95%D7%9F-%D7%A1%D7%9C%D7%95%D7%9C%D7%A8%D7%99-%D7%9E%D7%97%D7%95%D7%93%D7%A9-Apple-iPhone-11-Pro-Max-256GB,6.7,,verified,2026-10-10
IT Outlet,טלפון סלולרי מחודש Apple iPhone 12 128GB,Apple,טלפון סלולרי מחודש Apple iPhone 12 128GB,phone,4,128,1000,1000,"1,000 ₪",12,🟢 In Stock,https://www.itoutlet.co.il/items/8429497-%D7%98%D7%9C%D7%A4%D7%95%D7%9F-%D7%A1%D7%9C%D7%95%D7%9C%D7%A8%D7%99-%D7%9E%D7%97%D7%95%D7%93%D7%A9-Apple-iPhone-12-128GB-,6.1,,verified,2026-10-10
Dynamica Outlet,Samsung Galaxy Note 20 Ultra 256GB - מחודש,Samsung,Samsung Galaxy Note 20 Ultra 256GB - מחודש,phone,12,256,3899,3899,"3,899 ₪",12,🟢 In Stock,https://www.dynamica.co.il/items/3117514-NOTE20,6.7,,verified,2026-10-10
Dynamica Outlet,אייפון 12 iPhone - מחודש,Apple,אייפון 12 iPhone - מחודש,phone,4,128,799,799,799 ₪,12,🟢 In Stock,https://www.dynamica.co.il/items/7906023-iphone12-128GB,6.1,,verified,2026-10-10
Dynamica Outlet,Samsung Galaxy S20 FE 5G 128GB - מחודש,Samsung,Samsung Galaxy S20 FE 5G 128GB - מחודש,phone,8,128,749,749,749 ₪,12,🟢 In Stock,https://www.dynamica.co.il/items/3268750-S20FE,6.1,,verified,2026-10-10
Dynamica Outlet,סמסונג גלקסי Samsung Galaxy A12 - מחודש,Samsung,סמסונג גלקסי Samsung Galaxy A12 - מחודש,phone,6,128,199,199,199 ₪,12,🟢 In Stock,https://www.dynamica.co.il/items/3617798-Samsung-Galaxy-A12-,6.1,,verified,2026-10-10
Dynamica Outlet,סמסונג גלקסי Samsung Galaxy A35 - מחודש,Samsung,סמסונג גלקסי Samsung Galaxy A35 - מחודש,phone,6,128,777,777,777 ₪,12,🟢 In Stock,https://www.dynamica.co.il/items/7946751-A35,6.1,,verified,2026-10-10
Dynamica Outlet,סמסונג גלקסי Samsung Galaxy Z Fold 4 5G - מחודש,Samsung,סמסונג גלקסי Samsung Galaxy Z Fold 4 5G - מחודש,phone,12,128,1899,1899,"1,899 ₪",12,🟢 In Stock,https://www.dynamica.co.il/items/7953158-ZFold4,6.1,,verified,2026-10-10
Dynamica Outlet,אייפון 12 פרו מקס iPhone 12 Pro Max - מחודש,Apple,אייפון 12 פרו מקס iPhone 12 Pro Max - מחודש,phone,8,128,1299,1299,"1,299 ₪",12,🟢 In Stock,https://www.dynamica.co.il/items/3658088-iphone12promax,6.7,,verified,2026-10-10
Dynamica Outlet,סמסונג גלקסי Samsung Galaxy A31 - מחודש,Samsung,סמסונג גלקסי Samsung Galaxy A31 - מחודש,phone,6,128,349,349,349 ₪,12,🟢 In Stock,https://www.dynamica.co.il/items/2974602-A31,6.1,,verified,2026-10-10
Dynamica Outlet,iPhone 12 Pro Apple - מחודש,Apple,iPhone 12 Pro Apple - מחודש,phone,6,128,1099,1099,"1,099 ₪",12,🟢 In Stock,https://www.dynamica.co.il/items/3657949-iphone12pro,6.1,,verified,2026-10-10
Dynamica Outlet,אייפון פלוס iPhone 15 Plus - מחודש,Apple,אייפון פלוס iPhone 15 Plus - מחודש,phone,6,128,2399,2399,"2,399 ₪",12,🟢 In Stock,https://www.dynamica.co.il/items/7940089-iPhone15Plus,6.7,,verified,2026-10-10
Dynamica Outlet,סמסונג גלקסי Samsung Galaxy S21 FE 5G - מחודש,Samsung,סמסונג גלקסי Samsung Galaxy S21 FE 5G - מחודש,phone,8,128,199,199,199 ₪,12,🟢 In Stock,https://www.dynamica.co.il/items/7907844-Samsung-Galaxy-S21FE,6.1,,verified,2026-10-10
Dynamica Outlet,אייפון 13 iPhone - מחודש,Apple,אייפון 13 iPhone - מחודש,phone,4,128,1169,1169,"1,169 ₪",12,🟢 In Stock,https://www.dynamica.co.il/items/7905803-iPhone13,6.1,,verified,2026-10-10
Dynamica Outlet,סמסונג גלקסי אולטרה Samsung Galaxy S23 Ultra - מחודש,Samsung,סמסונג גלקסי אולטרה Samsung Galaxy S23 Ultra - מחודש,phone,12,128,2299,2299,"2,299 ₪",12,🟢 In Stock,https://www.dynamica.co.il/items/8029969-Samsung-Galaxy-S23-Ultra,6.7,,verified,2026-10-10
Dynamica Outlet,אייפון 14 iPhone - מחודש,Apple,אייפון 14 iPhone - מחודש,phone,4,128,1444,1444,"1,444 ₪",12,🟢 In Stock,https://www.dynamica.co.il/items/7906068-iPhone14-128GB,6.1,,verified,2026-10-10
Dynamica Outlet,סמסונג גלקסי Samsung Galaxy A52 - מחודש,Samsung,סמסונג גלקסי Samsung Galaxy A52 - מחודש,phone,6,128,444,444,444 ₪,12,🟢 In Stock,https://www.dynamica.co.il/items/3754007-Samsung-Galaxy-A52-,6.1,,verified,2026-10-10
Dynamica Outlet,סמסונג גלקסי אולטרה Samsung Galaxy S21 Ultra 5G - מחודש,Samsung,סמסונג גלקסי אולטרה Samsung Galaxy S21 Ultra 5G - מחודש,phone,12,128,1299,1299,"1,299 ₪",12,🟢 In Stock,https://www.dynamica.co.il/items/6016548-Samsung-Galaxy-S21-Ultra,6.7,,verified,2026-10-10
Dynamica Outlet,אייפון iPhone 14 Plus - מחודש,Apple,אייפון iPhone 14 Plus - מחודש,phone,4,128,2099,2099,"2,099 ₪",12,🟢 In Stock,https://www.dynamica.co.il/items/7906090-iPhone14-Plus,6.7,,verified,2026-10-10
Dynamica Outlet,סמסונג גלקסי Samsung Galaxy S23 - מחודש,Samsung,סמסונג גלקסי Samsung Galaxy S23 - מחודש,phone,12,128,1599,1599,"1,599 ₪",12,🟢 In Stock,https://www.dynamica.co.il/items/7924530-Samsung-Galaxy-S23-,6.1,,verified,2026-10-10
Dynamica Outlet,אייפון פרו מקס iPhone 15 Pro Max - מחודש,Apple,אייפון פרו מקס iPhone 15 Pro Max - מחודש,phone,8,128,3499,3499,"3,499 ₪",12,🟢 In Stock,https://www.dynamica.co.il/items/6231874-iPhone15ProMax,6.7,,verified,2026-10-10
Dynamica Outlet,סמסונג Samsung Galaxy S21 5G - מחודש,Samsung,סמסונג Samsung Galaxy S21 5G - מחודש,phone,8,128,799,799,799 ₪,12,🟢 In Stock,https://www.dynamica.co.il/items/4038999-Samsung-Galaxy-S21,6.1,,verified,2026-10-10
Dynamica Outlet,סמסונג גלקסי Samsung Galaxy S22 5G - מחודש,Samsung,סמסונג גלקסי Samsung Galaxy S22 5G - מחודש,phone,8,128,1099,1099,"1,099 ₪",12,🟢 In Stock,https://www.dynamica.co.il/items/7911773-Samsung-galaxy-S22,6.1,,verified,2026-10-10
Dynamica Outlet,אייפון 13 פרו מקס iPhone 13 Pro Max - מחודש,Apple,אייפון 13 פרו מקס iPhone 13 Pro Max - מחודש,phone,8,128,1599,1599,"1,599 ₪",12,🟢 In Stock,https://www.dynamica.co.il/items/4172937-iPhone13-Pro-Max-128GB,6.7,,verified,2026-10-10
Dynamica Outlet,אייפון 13 פרו iPhone 13 Pro - מחודש,Apple,אייפון 13 פרו iPhone 13 Pro - מחודש,phone,6,128,199,199,199 ₪,12,🟢 In Stock,https://www.dynamica.co.il/items/4866193-iPhone13-Pro-256GB,6.1,,verified,2026-10-10
Dynamica Outlet,סמסונג גלקסי Samsung Galaxy A52s 5G - מחודש,Samsung,סמסונג גלקסי Samsung Galaxy A52s 5G - מחודש,phone,6,128,649,649,649 ₪,12,🟢 In Stock,https://www.dynamica.co.il/items/4147617-Samsung-Galaxy-A52-s-5G-,6.1,,verified,2026-10-10
Dynamica Outlet,אייפון 14 פרו iPhone 14 Pro - מחודש,Apple,אייפון 14 פרו iPhone 14 Pro - מחודש,phone,6,128,1888,1888,"1,888 ₪",12,🟢 In Stock,https://www.dynamica.co.il/items/7907491-iPhone14-pro,6.1,,verified,2026-10-10
Dynamica Outlet,סמסונג גלקסי פלוס Samsung Galaxy S22 Plus 5G - מחודש,Samsung,סמסונג גלקסי פלוס Samsung Galaxy S22 Plus 5G - מחודש,phone,8,128,1299,1299,"1,299 ₪",12,🟢 In Stock,https://www.dynamica.co.il/items/7911926-Samsung-galaxy-S22-Plus,6.7,,verified,2026-10-10
Dynamica Outlet,אייפון 11 iPhone - מחודש,Apple,אייפון 11 iPhone - מחודש,phone,4,128,899,899,899 ₪,12,🟢 In Stock,https://www.dynamica.co.il/items/2516979-iphone11-128,6.1,,verified,2026-10-10
Dynamica Outlet,Samsung Galaxy +S10 - מחודש,Samsung,Samsung Galaxy +S10 - מחודש,phone,6,128,799,799,799 ₪,12,🟢 In Stock,https://www.dynamica.co.il/items/2217069--galaxy-s10-plus,6.1,,verified,2026-10-10
Dynamica Outlet,סמסונג גלקסי Samsung Galaxy A71 - מחודש,Samsung,סמסונג גלקסי Samsung Galaxy A71 - מחודש,phone,6,128,699,699,699 ₪,12,🟢 In Stock,https://www.dynamica.co.il/items/7918092-galaxy-A71,6.1,,verified,2026-10-10
Dynamica Outlet,סמסונג גלקסי Samsung Galaxy A54 5G - מחודש,Samsung,סמסונג גלקסי Samsung Galaxy A54 5G - מחודש,phone,6,128,777,777,777 ₪,12,🟢 In Stock,https://www.dynamica.co.il/items/7948423-Samsung-Galaxy-A54,6.1,,verified,2026-10-10
Dynamica Outlet,סמסונג גלקסי Samsung Galaxy A32 - מחודש,Samsung,סמסונג גלקסי Samsung Galaxy A32 - מחודש,phone,6,32,399,399,399 ₪,12,🟢 In Stock,https://www.dynamica.co.il/items/3753042-Samsung-Galaxy-A32-,6.1,,verified,2026-10-10
Dynamica Outlet,סמסונג גלקסי Samsung Galaxy A34 5G - מחודש,Samsung,סמסונג גלקסי Samsung Galaxy A34 5G - מחודש,phone,6,128,699,699,699 ₪,12,🟢 In Stock,https://www.dynamica.co.il/items/7946483-Samsung-Galaxy-A34,6.1,,verified,2026-10-10
Dynamica Outlet,סמסונג גלקסי Samsung Galaxy A30 - מחודש,Samsung,סמסונג גלקסי Samsung Galaxy A30 - מחודש,phone,6,128,299,299,299 ₪,12,🟢 In Stock,https://www.dynamica.co.il/items/2297519-A30-,6.1,,verified,2026-10-10
Dynamica Outlet,סמסונג גלקסי Samsung Galaxy A33 5G - מחודש,Samsung,סמסונג גלקסי Samsung Galaxy A33 5G - מחודש,phone,6,128,549,549,549 ₪,12,🟢 In Stock,https://www.dynamica.co.il/items/7909394-A33,6.1,,verified,2026-10-10
Dynamica Outlet,סמסונג גלקסי Samsung Galaxy S20+ - מחודש,Samsung,סמסונג גלקסי Samsung Galaxy S20+ - מחודש,phone,6,128,199,199,199 ₪,12,🟢 In Stock,https://www.dynamica.co.il/items/2748190-S20-PLUS,6.1,,verified,2026-10-10
Partner Plus,iPhone 14 Plus 256GB Renewed,Apple,iPhone 14 Plus 256GB Renewed,phone,4,256,1699,1699,"1,699 ₪",12,🟢 In Stock,https://partnerplus.partner.co.il/1-d6gl38xe,6.7,,verified,2026-10-10
Partner Plus,טלפון סלולרי Samsung Galaxy S24 Ultra 256GB מחודש,Samsung,טלפון סלולרי Samsung Galaxy S24 Ultra 256GB מחודש,phone,12,256,2999,2999,"2,999 ₪",12,🟢 In Stock,https://partnerplus.partner.co.il/1-dakq5n78,6.7,,verified,2026-10-10
Partner Plus,טלפון סלולרי iPhone 15 Pro 128GB 5G מחודש,Apple,טלפון סלולרי iPhone 15 Pro 128GB 5G מחודש,phone,8,128,2099,2099,"2,099 ₪",12,🟢 In Stock,https://partnerplus.partner.co.il/1-dbaf1btx,6.1,,verified,2026-10-10
Partner Plus,טלפון סלולרי iPhone 15 Pro 256GB 5G מחודש,Apple,טלפון סלולרי iPhone 15 Pro 256GB 5G מחודש,phone,8,256,2299,2299,"2,299 ₪",12,🟢 In Stock,https://partnerplus.partner.co.il/1-dakir5aw,6.1,,verified,2026-10-10
Partner Plus,טלפון סלולרי Samsung S24 FE 256GB מחודש - צבע אפור,Samsung,טלפון סלולרי Samsung S24 FE 256GB מחודש - צבע אפור,phone,12,256,1299,1299,"1,299 ₪",12,🟢 In Stock,https://partnerplus.partner.co.il/1-ddo5g1zn,6.1,,verified,2026-10-10
Partner Plus,טלפון סלולרי iPhone 15 128GB מחודש,Apple,טלפון סלולרי iPhone 15 128GB מחודש,phone,6,128,1799,1799,"1,799 ₪",12,🟢 In Stock,https://partnerplus.partner.co.il/1-ddnzoj8g,6.1,,verified,2026-10-10
Partner Plus,טלפון סלולרי Galaxy S22 Plus 5G 256GB מחודש,Samsung,טלפון סלולרי Galaxy S22 Plus 5G 256GB מחודש,phone,8,256,1299,1299,"1,299 ₪",12,🟢 In Stock,https://partnerplus.partner.co.il/1-d3bai0qj,6.7,,verified,2026-10-10
Partner Plus,טלפון סלולרי iPhone 15 Pro Max 256GB 5G מחודש,Apple,טלפון סלולרי iPhone 15 Pro Max 256GB 5G מחודש,phone,8,256,2599,2599,"2,599 ₪",12,🟢 In Stock,https://partnerplus.partner.co.il/1-dakq5n0d,6.7,,verified,2026-10-10
Partner Plus,טלפון סלולרי Samsung S22 Ultra 256GB מחודש,Samsung,טלפון סלולרי Samsung S22 Ultra 256GB מחודש,phone,12,256,1499,1499,"1,499 ₪",12,🟢 In Stock,https://partnerplus.partner.co.il/1-d1umip5y,6.7,,verified,2026-10-10
Partner Plus,טלפון סלולרי iPhone 14 256GB 5G מחודש,Apple,טלפון סלולרי iPhone 14 256GB 5G מחודש,phone,4,256,1499,1499,"1,499 ₪",12,🟢 In Stock,https://partnerplus.partner.co.il/1-d3bai0pi,6.1,,verified,2026-10-10
Partner Plus,טלפון סלולרי iPhone 14 Plus 128GB מחודש,Apple,טלפון סלולרי iPhone 14 Plus 128GB מחודש,phone,4,128,1499,1499,"1,499 ₪",12,🟢 In Stock,https://partnerplus.partner.co.il/1-d1zdkaj8,6.7,,verified,2026-10-10
Partner Plus,טלפון סלולרי iPhone 14 128GB מחודש,Apple,טלפון סלולרי iPhone 14 128GB מחודש,phone,4,128,1399,1399,"1,399 ₪",12,🟢 In Stock,https://partnerplus.partner.co.il/1-d1m4rxz5,6.1,,verified,2026-10-10
Partner Plus,טלפון סלולרי iPhone 14 Pro Max 128GB מחודש,Apple,טלפון סלולרי iPhone 14 Pro Max 128GB מחודש,phone,8,128,1749,1749,"1,749 ₪",12,🟢 In Stock,https://partnerplus.partner.co.il/1-d1m4ry0g,6.7,,verified,2026-10-10
Partner Plus,טלפון סלולרי iPhone 14 Pro Max 256GB מחודש,Apple,טלפון סלולרי iPhone 14 Pro Max 256GB מחודש,phone,8,256,1899,1899,"1,899 ₪",12,🟢 In Stock,https://partnerplus.partner.co.il/1-d1m4ry1h,6.7,,verified,2026-10-10
Partner Plus,טלפון סלולרי Samsung S22 Ultra 512GB מחודש,Samsung,טלפון סלולרי Samsung S22 Ultra 512GB מחודש,phone,12,512,1899,1899,"1,899 ₪",12,🟢 In Stock,https://partnerplus.partner.co.il/1-d1riyjs1,6.7,,verified,2026-10-10
Partner Plus,iPhone 13 128GB 5G Renewed,Apple,iPhone 13 128GB 5G Renewed,phone,4,128,999,999,999 ₪,12,🟢 In Stock,https://partnerplus.partner.co.il/1-cxt4680i,6.1,,verified,2026-10-10
Partner Plus,טלפון סלולרי iPhone 14 Pro 256GB 5G מחודש,Apple,טלפון סלולרי iPhone 14 Pro 256GB 5G מחודש,phone,6,256,1999,1999,"1,999 ₪",12,🟢 In Stock,https://partnerplus.partner.co.il/1-d1a6chd3,6.1,,verified,2026-10-10
Partner Plus,טלפון סלולרי iPhone 13 Pro Max 128GB מחודש,Apple,טלפון סלולרי iPhone 13 Pro Max 128GB מחודש,phone,8,128,1399,1399,"1,399 ₪",12,🟢 In Stock,https://partnerplus.partner.co.il/1-d1akkfpy,6.7,,verified,2026-10-10
Partner Plus,טלפון סלולרי iPhone 13 Pro 256GB מחודש,Apple,טלפון סלולרי iPhone 13 Pro 256GB מחודש,phone,6,256,1499,1499,"1,499 ₪",12,🟢 In Stock,https://partnerplus.partner.co.il/1-d1isoax9,6.1,,verified,2026-10-10
Partner Plus,טלפון סלולרי iPhone 15 Plus 128GB מחודש,Apple,טלפון סלולרי iPhone 15 Plus 128GB מחודש,phone,6,128,1999,1999,"1,999 ₪",12,🟢 In Stock,https://partnerplus.partner.co.il/1-ddnzojmv,6.7,,verified,2026-10-10
Partner Plus,טלפון סלולרי Samsung Galaxy S24 Ultra 512GB מחודש,Samsung,טלפון סלולרי Samsung Galaxy S24 Ultra 512GB מחודש,phone,12,512,3199,3199,"3,199 ₪",12,🟢 In Stock,https://partnerplus.partner.co.il/1-ddo5g266,6.7,,verified,2026-10-10
Partner Plus,טלפון סלולרי iPhone 15 256GB מחודש,Apple,טלפון סלולרי iPhone 15 256GB מחודש,phone,6,256,1999,1999,"1,999 ₪",12,🟢 In Stock,https://partnerplus.partner.co.il/1-ddnzojfy,6.1,,verified,2026-10-10
Partner Plus,טלפון סלולרי Samsung Galaxy S23 FE 256GB מחודש,Samsung,טלפון סלולרי Samsung Galaxy S23 FE 256GB מחודש,phone,12,256,1099,1099,"1,099 ₪",12,🟢 In Stock,https://partnerplus.partner.co.il/1-d0wrhay6,6.1,,verified,2026-10-10
Partner Plus,טלפון סלולרי Samsung S24 Plus 256GB מחודש,Samsung,טלפון סלולרי Samsung S24 Plus 256GB מחודש,phone,12,256,1799,1799,"1,799 ₪",12,🟢 In Stock,https://partnerplus.partner.co.il/1-dcr9h6ge,6.7,,verified,2026-10-10
Partner Plus,טלפון סלולרי Samsung Galaxy S23 Ultra 256GB מחודש,Samsung,טלפון סלולרי Samsung Galaxy S23 Ultra 256GB מחודש,phone,12,256,1899,1899,"1,899 ₪",12,🟢 In Stock,https://partnerplus.partner.co.il/1-deccvtee,6.7,,verified,2026-10-10
Partner Plus,טלפון סלולרי iPhone 15 Pro Max 512GB מחודש,Apple,טלפון סלולרי iPhone 15 Pro Max 512GB מחודש,phone,8,512,3199,3199,"3,199 ₪",12,🟢 In Stock,https://partnerplus.partner.co.il/1-ddnzojup,6.7,,verified,2026-10-10
Partner Plus,טלפון סלולרי Samsung Galaxy S24 256GB מחודש - צבע כסף,Samsung,טלפון סלולרי Samsung Galaxy S24 256GB מחודש - צבע כסף,phone,12,256,1549,1549,"1,549 ₪",12,🟢 In Stock,https://partnerplus.partner.co.il/1-debemxa2,6.1,,verified,2026-10-10
Partner Plus,טלפון סלולרי Samsung Galaxy S23 128GB מחודש - צבע שחור,Samsung,טלפון סלולרי Samsung Galaxy S23 128GB מחודש - צבע שחור,phone,12,128,1199,1199,"1,199 ₪",12,🟢 In Stock,https://partnerplus.partner.co.il/1-didv2zps,6.1,,verified,2026-10-10
Partner Plus,טלפון סלולרי iPhone 15 Pro 512GB 5G מחודש - צבע טיטניום שחור,Apple,טלפון סלולרי iPhone 15 Pro 512GB 5G מחודש - צבע טיטניום שחור,phone,8,512,2599,2599,"2,599 ₪",12,🟢 In Stock,https://partnerplus.partner.co.il/1-didv2zgg,6.1,,verified,2026-10-10
Partner Plus,טלפון סלולרי Samsung Galaxy S24 128GB מחודש - צבע שחור אוניקס,Samsung,טלפון סלולרי Samsung Galaxy S24 128GB מחודש - צבע שחור אוניקס,phone,12,128,1349,1349,"1,349 ₪",12,🟢 In Stock,https://partnerplus.partner.co.il/1-didv2zzt,6.1,,verified,2026-10-10
iStore CPO,Apple Iphone 14 Plus 128Gb Yellow,Apple,Apple Iphone 14 Plus 128Gb Yellow,phone,4,128,2299,2299,"2,299 ₪",12,🟢 In Stock,https://www.istoreil.co.il/refurbish/iphone/refurbished-apple-iphone-14-plus-128gb-yellow,6.7,https://media.istoreil.co.il/57482e8d-29d5-4d9f-84d5-bd696304a4e0/https://www.istoreil.co.il/skin/frontend/rwd/default/images/icons/64x64/heart-inv.png,verified,2026-10-08
iStore CPO,Apple Iphone 15 Pro Max 256Gb Natural Titanium,Apple,Apple Iphone 15 Pro Max 256Gb Natural Titanium,phone,8,256,3799,3799,"3,799 ₪",12,🟢 In Stock,https://www.istoreil.co.il/refurbish/iphone/apple-iphone-15-pro-max-256gb-natural-titanium-demo,6.7,https://media.istoreil.co.il/57482e8d-29d5-4d9f-84d5-bd696304a4e0/https://www.istoreil.co.il/skin/frontend/rwd/default/images/icons/64x64/heart-inv.png,verified,2026-10-08
iStore CPO,Apple Iphone 15 Pro 128Gb Blue Titanium,Apple,Apple Iphone 15 Pro 128Gb Blue Titanium,phone,8,128,3599,3599,"3,599 ₪",12,🟢 In Stock,https://www.istoreil.co.il/refurbish/iphone/apple-iphone-15-pro-128gb-blue-titanium-demo,6.1,https://media.istoreil.co.il/57482e8d-29d5-4d9f-84d5-bd696304a4e0/https://www.istoreil.co.il/skin/frontend/rwd/default/images/icons/64x64/heart-inv.png,verified,2026-10-08
iStore CPO,Apple Iphone 15 Plus 128Gb Black,Apple,Apple Iphone 15 Plus 128Gb Black,phone,6,128,3199,3199,"3,199 ₪",12,🟢 In Stock,https://www.istoreil.co.il/refurbish/iphone/apple-iphone-15-plus-128gb-black-demo,6.7,https://media.istoreil.co.il/57482e8d-29d5-4d9f-84d5-bd696304a4e0/https://www.istoreil.co.il/skin/frontend/rwd/default/images/icons/64x64/heart-inv.png,verified,2026-10-08
iStore CPO,Apple Ipad Pro 129 2022 Wi Fi M2 128Gb Space Gray,Apple,Apple Ipad Pro 129 2022 Wi Fi M2 128Gb Space Gray,tablet,4,128,3499,3499,"3,499 ₪",12,🟢 In Stock,https://www.istoreil.co.il/refurbish/ipad/apple-ipad-pro-129-2022-wi-fi-m2-128gb-space-gray-demo,10.5,https://media.istoreil.co.il/57482e8d-29d5-4d9f-84d5-bd696304a4e0/https://www.istoreil.co.il/skin/frontend/rwd/default/images/icons/64x64/heart-inv.png,verified,2026-10-08
LastPrice,"טלפון סלולרי 6.7"" Apple *מחודש* Silver - iPhone 13 Pro Max 256GB/6GB RAM מחודש",Apple,"טלפון סלולרי 6.7"" Apple *מחודש* Silver - iPhone 13 Pro Max 256GB/6GB RAM מחודש",phone,6,256,2890,2890,"2,890 ₪",12,🟢 In Stock,https://www.lastprice.co.il/p/100057932/%D7%98%D7%9C%D7%A4%D7%95%D7%9F%2D%D7%A1%D7%9C%D7%95%D7%9C%D7%A8%D7%99%2D6%2E7%27%2DApple%2D%2A%D7%9E%D7%97%D7%95%D7%93%D7%A9%2A/Apple-Silver%2D%7E%2DiPhone%2D13%2DPro%2DMax%2D256GB%2A%2F%2A6GB%2DRAM%2D%D7%9E%D7%97%D7%95%D7%93%D7%A9,6.7,https://www.lastprice.co.il/uploadimages/APP_PROMAX13_WHITE.jpg,verified,2026-10-08
LastPrice,"טלפון סלולרי 6.7"" Apple *מחודש* iPhone 13 Pro Max 256GB/6GB RAM - Graphite מחודש",Apple,"טלפון סלולרי 6.7"" Apple *מחודש* iPhone 13 Pro Max 256GB/6GB RAM - Graphite מחודש",phone,6,256,2890,2890,"2,890 ₪",12,🟢 In Stock,https://www.lastprice.co.il/p/100057931/%D7%98%D7%9C%D7%A4%D7%95%D7%9F%2D%D7%A1%D7%9C%D7%95%D7%9C%D7%A8%D7%99%2D6%2E7%27%2DApple%2D%2A%D7%9E%D7%97%D7%95%D7%93%D7%A9%2A/Apple-iPhone%2D13%2DPro%2DMax%2D256GB%2A%2F%2A6GB%2DRAM%2D%7E%2DGraphite%2D%D7%9E%D7%97%D7%95%D7%93%D7%A9,6.7,https://www.lastprice.co.il/uploadimages/APP_PROMAX13_GRAY.jpg,verified,2026-10-08
LastPrice,"טלפון סלולרי 6.1"" Apple *מחודש* iPhone 13 128GB/4GB RAM - לבן מחודש",Apple,"טלפון סלולרי 6.1"" Apple *מחודש* iPhone 13 128GB/4GB RAM - לבן מחודש",phone,4,128,1690,1690,"1,690 ₪",12,🟢 In Stock,https://www.lastprice.co.il/p/100057926/%D7%98%D7%9C%D7%A4%D7%95%D7%9F%2D%D7%A1%D7%9C%D7%95%D7%9C%D7%A8%D7%99%2D6%2E1%27%2DApple%2D%2A%D7%9E%D7%97%D7%95%D7%93%D7%A9%2A/Apple-iPhone%2D13%2D128GB%2A%2F%2A4GB%2DRAM%2D%7E%2D%D7%9C%D7%91%D7%9F%2D%D7%9E%D7%97%D7%95%D7%93%D7%A9,6.1,https://www.lastprice.co.il/uploadimages/APP_13_WHITE.jpg,verified,2026-10-08
LastPrice,"טלפון סלולרי 6.1"" Apple *מחודש* iPhone 13 128GB/4GB RAM - שחור מחודש",Apple,"טלפון סלולרי 6.1"" Apple *מחודש* iPhone 13 128GB/4GB RAM - שחור מחודש",phone,4,128,1690,1690,"1,690 ₪",12,🟢 In Stock,https://www.lastprice.co.il/p/100057925/%D7%98%D7%9C%D7%A4%D7%95%D7%9F%2D%D7%A1%D7%9C%D7%95%D7%9C%D7%A8%D7%99%2D6%2E1%27%2DApple%2D%2A%D7%9E%D7%97%D7%95%D7%93%D7%A9%2A/Apple-iPhone%2D13%2D128GB%2A%2F%2A4GB%2DRAM%2D%7E%2D%D7%A9%D7%97%D7%95%D7%A8%2D%D7%9E%D7%97%D7%95%D7%93%D7%A9,6.1,https://www.lastprice.co.il/uploadimages/APP_13_BLACK.jpg,verified,2026-10-08
LastPrice,"טלפון סלולרי 6.1"" Apple *מחודש* iPhone 12 128GB/4GB RAM - שחור מחודש",Apple,"טלפון סלולרי 6.1"" Apple *מחודש* iPhone 12 128GB/4GB RAM - שחור מחודש",phone,4,128,1349,1349,"1,349 ₪",12,🟢 In Stock,https://www.lastprice.co.il/p/100057923/%D7%98%D7%9C%D7%A4%D7%95%D7%9F%2D%D7%A1%D7%9C%D7%95%D7%9C%D7%A8%D7%99%2D6%2E1%27%2DApple%2D%2A%D7%9E%D7%97%D7%95%D7%93%D7%A9%2A/Apple-iPhone%2D12%2D128GB%2A%2F%2A4GB%2DRAM%2D%7E%2D%D7%A9%D7%97%D7%95%D7%A8%2D%D7%9E%D7%97%D7%95%D7%93%D7%A9,6.1,https://www.lastprice.co.il/uploadimages/APP_12_BLACK(1).jpg,verified,2026-10-08
LastPrice,"טלפון סלולרי ""6.1 Apple *מחודש* iPhone 12 128GB/4GB RAM - לבן מחודש",Apple,"טלפון סלולרי ""6.1 Apple *מחודש* iPhone 12 128GB/4GB RAM - לבן מחודש",phone,4,128,1349,1349,"1,349 ₪",12,🟢 In Stock,https://www.lastprice.co.il/p/100057569/%D7%98%D7%9C%D7%A4%D7%95%D7%9F%2D%D7%A1%D7%9C%D7%95%D7%9C%D7%A8%D7%99%2D%276%2E1%2DApple%2D%2A%D7%9E%D7%97%D7%95%D7%93%D7%A9%2A/Apple-iPhone%2D12%2D128GB%2A%2F%2A4GB%2DRAM%2D%7E%2D%D7%9C%D7%91%D7%9F%2D%D7%9E%D7%97%D7%95%D7%93%D7%A9,6.1,https://www.lastprice.co.il/uploadimages/12_WHITE.jpg,verified,2026-10-08
VMobile,טלפון סלולרי Samsung Galaxy S21 Ultra 5G SM-G998B/DS 256GB 12GB RAM סמסונג מתצוגה,Samsung,טלפון סלולרי Samsung Galaxy S21 Ultra 5G SM-G998B/DS 256GB 12GB RAM סמסונג מתצוגה,phone,12,256,1290,1290,"1,290 ₪",12,🟢 In Stock,https://www.vmobile.co.il/items/3554685-%D7%98%D7%9C%D7%A4%D7%95%D7%9F-%D7%A1%D7%9C%D7%95%D7%9C%D7%A8%D7%99-Samsung-Galaxy-S21-Ultra-5G-SM-G998B-DS-256GB-12GB-RAM-%D7%A1%D7%9E%D7%A1%D7%95%D7%A0%D7%92-%D7%9E%D7%AA%D7%A6%D7%95%D7%92%D7%94,6.7,,verified,2026-10-10
VMobile,טלפון סלולרי Apple iPhone 14 Pro Max 256GB אפל מתצוגה/מחודש,Apple,טלפון סלולרי Apple iPhone 14 Pro Max 256GB אפל מתצוגה/מחודש,phone,8,256,2800,2800,"2,800 ₪",12,🟢 In Stock,https://www.vmobile.co.il/items/7882756-%D7%98%D7%9C%D7%A4%D7%95%D7%9F-%D7%A1%D7%9C%D7%95%D7%9C%D7%A8%D7%99-Apple-iPhone-14-Pro-Max-256GB-%D7%90%D7%A4%D7%9C-%D7%9E%D7%AA%D7%A6%D7%95%D7%92%D7%94-%D7%9E%D7%97%D7%95%D7%93%D7%A9,6.7,,verified,2026-10-10
VMobile,טלפון סלולרי Apple iPhone 11 Pro 256GB אפל מתצוגה,Apple,טלפון סלולרי Apple iPhone 11 Pro 256GB אפל מתצוגה,phone,4,256,1250,1250,"1,250 ₪",12,🟢 In Stock,https://www.vmobile.co.il/items/6387461-%D7%98%D7%9C%D7%A4%D7%95%D7%9F-%D7%A1%D7%9C%D7%95%D7%9C%D7%A8%D7%99-Apple-iPhone-11-Pro-256GB-%D7%90%D7%A4%D7%9C-%D7%9E%D7%AA%D7%A6%D7%95%D7%92%D7%94,6.1,,verified,2026-10-10
VMobile,טלפון סלולרי iPhone XS Max 64GB *תצוגה/מחודש*,Apple,טלפון סלולרי iPhone XS Max 64GB *תצוגה/מחודש*,phone,4,64,1000,1000,"1,000 ₪",12,🟢 In Stock,https://www.vmobile.co.il/items/6373640-%D7%98%D7%9C%D7%A4%D7%95%D7%9F-%D7%A1%D7%9C%D7%95%D7%9C%D7%A8%D7%99-iPhone-XS-Max-64GB-%D7%AA%D7%A6%D7%95%D7%92%D7%94-%D7%9E%D7%97%D7%95%D7%93%D7%A9-Apple,6.1,,verified,2026-10-10
VMobile,טלפון סלולרי Apple iPhone 12 Pro Max 128GB אפל מתצוגה,Apple,טלפון סלולרי Apple iPhone 12 Pro Max 128GB אפל מתצוגה,phone,8,128,1650,1650,"1,650 ₪",12,🟢 In Stock,https://www.vmobile.co.il/items/6496016-%D7%98%D7%9C%D7%A4%D7%95%D7%9F-%D7%A1%D7%9C%D7%95%D7%9C%D7%A8%D7%99-Apple-iPhone-12-Pro-Max-128GB-%D7%90%D7%A4%D7%9C-%D7%9E%D7%AA%D7%A6%D7%95%D7%92%D7%94,6.7,,verified,2026-10-10
VMobile,טלפון סלולרי Samsung Galaxy S10 Plus SM-G975F 128GB סמסונג מתצוגה,Samsung,טלפון סלולרי Samsung Galaxy S10 Plus SM-G975F 128GB סמסונג מתצוגה,phone,8,128,790,790,790 ₪,12,🟢 In Stock,https://www.vmobile.co.il/items/7888664-%D7%98%D7%9C%D7%A4%D7%95%D7%9F-%D7%A1%D7%9C%D7%95%D7%9C%D7%A8%D7%99-Samsung-Galaxy-S10-Plus-SM-G975F-128GB-%D7%A1%D7%9E%D7%A1%D7%95%D7%A0%D7%92-%D7%9E%D7%AA%D7%A6%D7%95%D7%92%D7%94,6.7,,verified,2026-10-10
VMobile,טלפון סלולרי iPhone 11 64GB *תצוגה/מחודש*,Apple,טלפון סלולרי iPhone 11 64GB *תצוגה/מחודש*,phone,4,64,899,899,899 ₪,12,🟢 In Stock,https://www.vmobile.co.il/items/6373667-%D7%98%D7%9C%D7%A4%D7%95%D7%9F-%D7%A1%D7%9C%D7%95%D7%9C%D7%A8%D7%99-iPhone-11-64GB-%D7%AA%D7%A6%D7%95%D7%92%D7%94-%D7%9E%D7%97%D7%95%D7%93%D7%A9-Apple,6.1,,verified,2026-10-10
VMobile,טלפון סלולרי Apple iPhone 11 Pro Max 64GB אפל מתצוגה,Apple,טלפון סלולרי Apple iPhone 11 Pro Max 64GB אפל מתצוגה,phone,8,64,1149,1149,"1,149 ₪",12,🟢 In Stock,https://www.vmobile.co.il/items/6387491-%D7%98%D7%9C%D7%A4%D7%95%D7%9F-%D7%A1%D7%9C%D7%95%D7%9C%D7%A8%D7%99-Apple-iPhone-11-Pro-Max-64GB-%D7%90%D7%A4%D7%9C-%D7%9E%D7%AA%D7%A6%D7%95%D7%92%D7%94,6.7,,verified,2026-10-10
VMobile,טלפון סלולרי Apple iPhone 11 Pro Max 256GB אפל מתצוגה,Apple,טלפון סלולרי Apple iPhone 11 Pro Max 256GB אפל מתצוגה,phone,8,256,1199,1199,"1,199 ₪",12,🟢 In Stock,https://www.vmobile.co.il/items/6387503-%D7%98%D7%9C%D7%A4%D7%95%D7%9F-%D7%A1%D7%9C%D7%95%D7%9C%D7%A8%D7%99-Apple-iPhone-11-Pro-Max-256GB-%D7%90%D7%A4%D7%9C-%D7%9E%D7%AA%D7%A6%D7%95%D7%92%D7%94,6.7,,verified,2026-10-10
VMobile,טלפון סלולרי iPhone 12 128GB *תצוגה/מחודש*,Apple,טלפון סלולרי iPhone 12 128GB *תצוגה/מחודש*,phone,4,128,1095,1095,"1,095 ₪",12,🟢 In Stock,https://www.vmobile.co.il/items/6373690-%D7%98%D7%9C%D7%A4%D7%95%D7%9F-%D7%A1%D7%9C%D7%95%D7%9C%D7%A8%D7%99-iPhone-12-128GB-%D7%AA%D7%A6%D7%95%D7%92%D7%94-%D7%9E%D7%97%D7%95%D7%93%D7%A9-Apple,6.1,,verified,2026-10-10
VMobile,Samsung Galaxy A12 SM-A125F/DS 64GB 4GB RAM מתצוגה,Samsung,Samsung Galaxy A12 SM-A125F/DS 64GB 4GB RAM מתצוגה,phone,4,64,369,369,369 ₪,12,🟢 In Stock,https://www.vmobile.co.il/items/6387548-Samsung-Galaxy-A12-SM-A125F-DS-64GB-4GB-RAM-%D7%9E%D7%AA%D7%A6%D7%95%D7%92%D7%94,6.1,,verified,2026-10-10
VMobile,Samsung Galaxy S10 SM-G973F 128GB תצוגה,Samsung,Samsung Galaxy S10 SM-G973F 128GB תצוגה,phone,6,128,690,690,690 ₪,12,🟢 In Stock,https://www.vmobile.co.il/items/6373469-Samsung-Galaxy-S10-SM-G973F-128GB-%D7%AA%D7%A6%D7%95%D7%92%D7%94,6.1,,verified,2026-10-10
VMobile,טלפון סלולרי (64GB) Samsung Galaxy A13 *תצוגה/מחודש*,Samsung,טלפון סלולרי (64GB) Samsung Galaxy A13 *תצוגה/מחודש*,phone,6,64,499,499,499 ₪,12,🟢 In Stock,https://www.vmobile.co.il/items/6387840-%D7%98%D7%9C%D7%A4%D7%95%D7%9F-%D7%A1%D7%9C%D7%95%D7%9C%D7%A8%D7%99-64GB-Samsung-Galaxy-A13-%D7%AA%D7%A6%D7%95%D7%92%D7%94-%D7%9E%D7%97%D7%95%D7%93%D7%A9-,6.1,,verified,2026-10-10
VMobile,טלפון סלולרי Apple iPhone 14 Pro Max 128GB אפל מתצוגה,Apple,טלפון סלולרי Apple iPhone 14 Pro Max 128GB אפל מתצוגה,phone,8,128,2900,2900,"2,900 ₪",12,🟢 In Stock,https://www.vmobile.co.il/items/6495886-%D7%98%D7%9C%D7%A4%D7%95%D7%9F-%D7%A1%D7%9C%D7%95%D7%9C%D7%A8%D7%99-Apple-iPhone-14-Pro-Max-128GB-%D7%90%D7%A4%D7%9C-%D7%9E%D7%AA%D7%A6%D7%95%D7%92%D7%94,6.7,,verified,2026-10-10
VMobile,Apple iPhone 13 PRO MAX 256GB מאוקטב מתצוגה,Apple,Apple iPhone 13 PRO MAX 256GB מאוקטב מתצוגה,phone,8,256,2350,2350,"2,350 ₪",12,🟢 In Stock,https://www.vmobile.co.il/items/7851410-Apple-iPhone-13-PRO-MAX-256GB-%D7%9E%D7%90%D7%95%D7%A7%D7%98%D7%91-%D7%9E%D7%AA%D7%A6%D7%95%D7%92%D7%94,6.7,,verified,2026-10-10
VMobile,טלפון סלולרי Apple iPhone 13 128GB אפל מתצוגה/מחודש,Apple,טלפון סלולרי Apple iPhone 13 128GB אפל מתצוגה/מחודש,phone,4,128,1200,1200,"1,200 ₪",12,🟢 In Stock,https://www.vmobile.co.il/items/7111583-%D7%98%D7%9C%D7%A4%D7%95%D7%9F-%D7%A1%D7%9C%D7%95%D7%9C%D7%A8%D7%99-Apple-iPhone-13-128GB-%D7%90%D7%A4%D7%9C-%D7%9E%D7%AA%D7%A6%D7%95%D7%92%D7%94-%D7%9E%D7%97%D7%95%D7%93%D7%A9-,6.1,,verified,2026-10-10
VMobile,טלפון סלולרי (64GB) Samsung Galaxy A30s *תצוגה/מחודש*,Samsung,טלפון סלולרי (64GB) Samsung Galaxy A30s *תצוגה/מחודש*,phone,6,64,550,550,550 ₪,12,🟢 In Stock,https://www.vmobile.co.il/items/6387885-%D7%98%D7%9C%D7%A4%D7%95%D7%9F-%D7%A1%D7%9C%D7%95%D7%9C%D7%A8%D7%99-64GB-Samsung-Galaxy-A30s-%D7%AA%D7%A6%D7%95%D7%92%D7%94-%D7%9E%D7%97%D7%95%D7%93%D7%A9-,6.1,,verified,2026-10-10
VMobile,טלפון סלולרי iPhone 12 Pro 128GB *תצוגה/מחודש*,Apple,טלפון סלולרי iPhone 12 Pro 128GB *תצוגה/מחודש*,phone,6,128,1325,1325,"1,325 ₪",12,🟢 In Stock,https://www.vmobile.co.il/items/6495920-%D7%98%D7%9C%D7%A4%D7%95%D7%9F-%D7%A1%D7%9C%D7%95%D7%9C%D7%A8%D7%99-iPhone-12-Pro-128GB-%D7%AA%D7%A6%D7%95%D7%92%D7%94-%D7%9E%D7%97%D7%95%D7%93%D7%A9-Apple,6.1,,verified,2026-10-10
VMobile,טלפון סלולרי Apple iPhone 11 Pro 64GB אפל מתצוגה,Apple,טלפון סלולרי Apple iPhone 11 Pro 64GB אפל מתצוגה,phone,4,64,900,900,900 ₪,12,🟢 In Stock,https://www.vmobile.co.il/items/6386106-%D7%98%D7%9C%D7%A4%D7%95%D7%9F-%D7%A1%D7%9C%D7%95%D7%9C%D7%A8%D7%99-Apple-iPhone-11-Pro-64GB-%D7%90%D7%A4%D7%9C-%D7%9E%D7%AA%D7%A6%D7%95%D7%92%D7%94,6.1,,verified,2026-10-10
VMobile,טלפון סלולרי (128GB) Samsung Galaxy A33 *תצוגה/מחודש*,Samsung,טלפון סלולרי (128GB) Samsung Galaxy A33 *תצוגה/מחודש*,phone,6,128,750,750,750 ₪,12,🟢 In Stock,https://www.vmobile.co.il/items/6387898-%D7%98%D7%9C%D7%A4%D7%95%D7%9F-%D7%A1%D7%9C%D7%95%D7%9C%D7%A8%D7%99-128GB-Samsung-Galaxy-A33-%D7%AA%D7%A6%D7%95%D7%92%D7%94-%D7%9E%D7%97%D7%95%D7%93%D7%A9-,6.1,,verified,2026-10-10
VMobile,טלפון סלולרי (128GB) Samsung Galaxy A34 *תצוגה/מחודש*,Samsung,טלפון סלולרי (128GB) Samsung Galaxy A34 *תצוגה/מחודש*,phone,6,128,601,601,601 ₪,12,🟢 In Stock,https://www.vmobile.co.il/items/6387917-%D7%98%D7%9C%D7%A4%D7%95%D7%9F-%D7%A1%D7%9C%D7%95%D7%9C%D7%A8%D7%99-128GB-Samsung-Galaxy-A34-%D7%AA%D7%A6%D7%95%D7%92%D7%94-%D7%9E%D7%97%D7%95%D7%93%D7%A9-,6.1,,verified,2026-10-10
VMobile,טלפון סלולרי (128GB) Samsung Galaxy A51 *תצוגה/מחודש*,Samsung,טלפון סלולרי (128GB) Samsung Galaxy A51 *תצוגה/מחודש*,phone,6,128,700,700,700 ₪,12,🟢 In Stock,https://www.vmobile.co.il/items/6387924-%D7%98%D7%9C%D7%A4%D7%95%D7%9F-%D7%A1%D7%9C%D7%95%D7%9C%D7%A8%D7%99-128GB-Samsung-Galaxy-A51-%D7%AA%D7%A6%D7%95%D7%92%D7%94-%D7%9E%D7%97%D7%95%D7%93%D7%A9-,6.1,,verified,2026-10-10
VMobile,טלפון סלולרי (128GB) Samsung Galaxy A72 *מחודש*,Samsung,טלפון סלולרי (128GB) Samsung Galaxy A72 *מחודש*,phone,6,128,799,799,799 ₪,12,🟢 In Stock,https://www.vmobile.co.il/items/6387944-%D7%98%D7%9C%D7%A4%D7%95%D7%9F-%D7%A1%D7%9C%D7%95%D7%9C%D7%A8%D7%99-128GB-Samsung-Galaxy-A72-%D7%9E%D7%97%D7%95%D7%93%D7%A9-,6.1,,verified,2026-10-10
VMobile,טלפון סלולרי iPhone 12 128GB *תצוגה/מחודש* מבצע עובדי שמירה ובטחון,Apple,טלפון סלולרי iPhone 12 128GB *תצוגה/מחודש* מבצע עובדי שמירה ובטחון,phone,4,128,1499,1499,"1,499 ₪",12,🟢 In Stock,https://www.vmobile.co.il/items/6864617-%D7%98%D7%9C%D7%A4%D7%95%D7%9F-%D7%A1%D7%9C%D7%95%D7%9C%D7%A8%D7%99-iPhone-12-128GB-%D7%AA%D7%A6%D7%95%D7%92%D7%94-%D7%9E%D7%97%D7%95%D7%93%D7%A9-%D7%9E%D7%91%D7%A6%D7%A2-%D7%A2%D7%95%D7%91%D7%93%D7%99-%D7%A9%D7%9E%D7%99%D7%A8%D7%94-%D7%95%D7%91%D7%98%D7%97%D7%95%D7%9F-Apple,6.1,,verified,2026-10-10
VMobile,טלפון סלולרי Apple iPhone 12 Pro Max 256GB אפל מתצוגה/מחודש,Apple,טלפון סלולרי Apple iPhone 12 Pro Max 256GB אפל מתצוגה/מחודש,phone,8,256,1850,1850,"1,850 ₪",12,🟢 In Stock,https://www.vmobile.co.il/items/7882732-%D7%98%D7%9C%D7%A4%D7%95%D7%9F-%D7%A1%D7%9C%D7%95%D7%9C%D7%A8%D7%99-Apple-iPhone-12-Pro-Max-256GB-%D7%90%D7%A4%D7%9C-%D7%9E%D7%AA%D7%A6%D7%95%D7%92%D7%94-%D7%9E%D7%97%D7%95%D7%93%D7%A9,6.7,,verified,2026-10-10
VMobile,טלפון סלולרי Apple iPhone SE (2022) 128GB אפל תצוגה/מחודש,Apple,טלפון סלולרי Apple iPhone SE (2022) 128GB אפל תצוגה/מחודש,phone,4,128,899,899,899 ₪,12,🟢 In Stock,https://www.vmobile.co.il/items/6373621-%D7%98%D7%9C%D7%A4%D7%95%D7%9F-%D7%A1%D7%9C%D7%95%D7%9C%D7%A8%D7%99-Apple-iPhone-SE-2022-128GB-%D7%90%D7%A4%D7%9C-%D7%AA%D7%A6%D7%95%D7%92%D7%94-%D7%9E%D7%97%D7%95%D7%93%D7%A9-,5.8,,verified,2026-10-10
VMobile,טלפון סלולרי (128GB) Samsung Galaxy S20 Ultra *תצוגה/מחודש*,Samsung,טלפון סלולרי (128GB) Samsung Galaxy S20 Ultra *תצוגה/מחודש*,phone,12,128,1450,1450,"1,450 ₪",12,🟢 In Stock,https://www.vmobile.co.il/items/6387965-%D7%98%D7%9C%D7%A4%D7%95%D7%9F-%D7%A1%D7%9C%D7%95%D7%9C%D7%A8%D7%99-128GB-Samsung-Galaxy-S20-Ultra-%D7%AA%D7%A6%D7%95%D7%92%D7%94-%D7%9E%D7%97%D7%95%D7%93%D7%A9-,6.7,,verified,2026-10-10
BuyMobile,אייפון טלפון סלולרי Apple iPhone 15 Pro 256GB אפל מתצוגה,Apple,אייפון טלפון סלולרי Apple iPhone 15 Pro 256GB אפל מתצוגה,phone,8,256,2549,2549,"2,549 ₪",12,🟢 In Stock,https://buy-mobile.co.il/product/%d7%90%d7%99%d7%99%d7%a4%d7%95%d7%9f-%d7%98%d7%9c%d7%a4%d7%95%d7%9f-%d7%a1%d7%9c%d7%95%d7%9c%d7%a8%d7%99-apple-iphone-15-pro-256gb-%d7%90%d7%a4%d7%9c-%d7%9e%d7%aa%d7%a6%d7%95%d7%92%d7%94-2/,6.1,https://buy-mobile.co.il/wp-content/uploads/2023/10/0002856_-15-apple-iphone-15-pro-natural-titanium-128gb_510.webp,verified,2026-10-10
BuyMobile,אייפון טלפון סלולרי Apple iPhone 14 256GB אפל מתצוגה,Apple,אייפון טלפון סלולרי Apple iPhone 14 256GB אפל מתצוגה,phone,4,256,1699,1699,"1,699 ₪",12,🟢 In Stock,https://buy-mobile.co.il/product/%d7%90%d7%99%d7%99%d7%a4%d7%95%d7%9f-%d7%98%d7%9c%d7%a4%d7%95%d7%9f-%d7%a1%d7%9c%d7%95%d7%9c%d7%a8%d7%99-apple-iphone-14-256gb-%d7%90%d7%a4%d7%9c-%d7%9e%d7%aa%d7%a6%d7%95%d7%92%d7%94/,6.1,https://buy-mobile.co.il/wp-content/uploads/2024/02/14-plus-yellow-scaled.webp,verified,2026-10-10
BuyMobile,אייפון טלפון סלולרי Apple iPhone 14 128GB אפל מתצוגה,Apple,אייפון טלפון סלולרי Apple iPhone 14 128GB אפל מתצוגה,phone,4,128,1490,1490,"1,490 ₪",12,🟢 In Stock,https://buy-mobile.co.il/product/%d7%90%d7%99%d7%99%d7%a4%d7%95%d7%9f-%d7%98%d7%9c%d7%a4%d7%95%d7%9f-%d7%a1%d7%9c%d7%95%d7%9c%d7%a8%d7%99-apple-iphone-14-128gb-%d7%90%d7%a4%d7%9c-%d7%9e%d7%aa%d7%a6%d7%95%d7%92%d7%94/,6.1,https://buy-mobile.co.il/wp-content/uploads/2023/12/14-white.webp,verified,2026-10-10
BuyMobile,אייפון טלפון סלולרי Apple iPhone 13 128GB אפל מתצוגה,Apple,אייפון טלפון סלולרי Apple iPhone 13 128GB אפל מתצוגה,phone,4,128,1029,1029,"1,029 ₪",12,🟢 In Stock,https://buy-mobile.co.il/product/%d7%90%d7%99%d7%99%d7%a4%d7%95%d7%9f-%d7%98%d7%9c%d7%a4%d7%95%d7%9f-%d7%a1%d7%9c%d7%95%d7%9c%d7%a8%d7%99-apple-iphone-13-128gb-%d7%90%d7%a4%d7%9c-%d7%9e%d7%aa%d7%a6%d7%95%d7%92%d7%94-2/,6.1,https://buy-mobile.co.il/wp-content/uploads/2023/09/3e6f3cfbc96e0e789086b23f54788ea2.webp,verified,2026-10-10
BuyMobile,אייפון טלפון סלולרי Apple iPhone 13 256GB אפל מתצוגה,Apple,אייפון טלפון סלולרי Apple iPhone 13 256GB אפל מתצוגה,phone,4,256,1549,1549,"1,549 ₪",12,🟢 In Stock,https://buy-mobile.co.il/product/%d7%90%d7%99%d7%99%d7%a4%d7%95%d7%9f-%d7%98%d7%9c%d7%a4%d7%95%d7%9f-%d7%a1%d7%9c%d7%95%d7%9c%d7%a8%d7%99-apple-iphone-13-256gb-%d7%90%d7%a4%d7%9c-%d7%9e%d7%aa%d7%a6%d7%95%d7%92%d7%94/,6.1,https://buy-mobile.co.il/wp-content/uploads/2023/09/3e6f3cfbc96e0e789086b23f54788ea2.webp,verified,2026-10-10
BuyMobile,אייפון טלפון סלולרי Apple iPhone 13 128GB אפל מתצוגה,Apple,אייפון טלפון סלולרי Apple iPhone 13 128GB אפל מתצוגה,phone,4,128,1399,1399,"1,399 ₪",12,🟢 In Stock,https://buy-mobile.co.il/product/%d7%90%d7%99%d7%99%d7%a4%d7%95%d7%9f-%d7%98%d7%9c%d7%a4%d7%95%d7%9f-%d7%a1%d7%9c%d7%95%d7%9c%d7%a8%d7%99-apple-iphone-13-128gb-%d7%90%d7%a4%d7%9c-%d7%9e%d7%aa%d7%a6%d7%95%d7%92%d7%94/,6.1,https://buy-mobile.co.il/wp-content/uploads/2023/09/3e6f3cfbc96e0e789086b23f54788ea2.webp,verified,2026-10-10
BuyMobile,אייפון טלפון סלולרי Apple iPhone 14 Pro 256GB אפל מתצוגה,Apple,אייפון טלפון סלולרי Apple iPhone 14 Pro 256GB אפל מתצוגה,phone,6,256,1749,1749,"1,749 ₪",12,🟢 In Stock,https://buy-mobile.co.il/product/%d7%90%d7%99%d7%99%d7%a4%d7%95%d7%9f-%d7%98%d7%9c%d7%a4%d7%95%d7%9f-%d7%a1%d7%9c%d7%95%d7%9c%d7%a8%d7%99-apple-iphone-14-pro-256gb-%d7%90%d7%a4%d7%9c-%d7%9e%d7%90%d7%95%d7%a7%d7%98%d7%91/,6.1,https://buy-mobile.co.il/wp-content/uploads/2023/05/846949e5e00d8afb18ad9a9b238e6ba6.webp,verified,2026-10-10
BuyMobile,אייפון טלפון סלולרי Apple iPhone 15 Pro 256GB אפל מתצוגה,Apple,אייפון טלפון סלולרי Apple iPhone 15 Pro 256GB אפל מתצוגה,phone,8,256,2149,2149,"2,149 ₪",12,🟢 In Stock,https://buy-mobile.co.il/product/%d7%90%d7%99%d7%99%d7%a4%d7%95%d7%9f-%d7%98%d7%9c%d7%a4%d7%95%d7%9f-%d7%a1%d7%9c%d7%95%d7%9c%d7%a8%d7%99-apple-iphone-15-pro-256gb-%d7%90%d7%a4%d7%9c-%d7%9e%d7%aa%d7%a6%d7%95%d7%92%d7%94/,6.1,https://buy-mobile.co.il/wp-content/uploads/2023/10/0002856_-15-apple-iphone-15-pro-natural-titanium-128gb_510.webp,verified,2026-10-10
BuyMobile,טלפון סלולרי Samsung Galaxy S23 SM-S911B/DS 256GB 8GB RAM סמסונג מתצוגה,Samsung,טלפון סלולרי Samsung Galaxy S23 SM-S911B/DS 256GB 8GB RAM סמסונג מתצוגה,phone,8,256,1360,1360,"1,360 ₪",12,🟢 In Stock,https://buy-mobile.co.il/product/%d7%98%d7%9c%d7%a4%d7%95%d7%9f-%d7%a1%d7%9c%d7%95%d7%9c%d7%a8%d7%99-samsung-galaxy-s23-sm-s911b-ds-256gb-8gb-ram-%d7%a1%d7%9e%d7%a1%d7%95%d7%a0%d7%92-%d7%9e%d7%aa%d7%a6%d7%95%d7%92%d7%94-%d7%aa%d7%95/,5.8,https://buy-mobile.co.il/wp-content/uploads/2023/11/s23-black.webp,verified,2026-10-10
BuyMobile,טלפון סלולרי Samsung Galaxy S22 Ultra SM-S908E/DS 256GB 12GB RAM סמסונג מתצוגה,Samsung,טלפון סלולרי Samsung Galaxy S22 Ultra SM-S908E/DS 256GB 12GB RAM סמסונג מתצוגה,phone,12,256,1450,1450,"1,450 ₪",12,🟢 In Stock,https://buy-mobile.co.il/product/%d7%98%d7%9c%d7%a4%d7%95%d7%9f-%d7%a1%d7%9c%d7%95%d7%9c%d7%a8%d7%99-samsung-galaxy-s22-ultra-sm-s908e-ds-256gb-12gb-ram-%d7%a1%d7%9e%d7%a1%d7%95%d7%a0%d7%92-%d7%9e%d7%aa%d7%a6%d7%95%d7%92%d7%94-2/,6.7,https://buy-mobile.co.il/wp-content/uploads/2023/11/s22-ultra-black1.webp,verified,2026-10-10
BuyMobile,אייפון טלפון סלולרי Apple iPhone 15 Pro Max 256GB אפל מתצוגה,Apple,אייפון טלפון סלולרי Apple iPhone 15 Pro Max 256GB אפל מתצוגה,phone,8,256,2349,2349,"2,349 ₪",12,🟢 In Stock,https://buy-mobile.co.il/product/%d7%90%d7%99%d7%99%d7%a4%d7%95%d7%9f-%d7%98%d7%9c%d7%a4%d7%95%d7%9f-%d7%a1%d7%9c%d7%95%d7%9c%d7%a8%d7%99-apple-iphone-15-pro-max-256gb-%d7%90%d7%a4%d7%9c-%d7%9e%d7%aa%d7%a6%d7%95%d7%92%d7%94-%d7%9e/,6.7,https://buy-mobile.co.il/wp-content/uploads/2023/10/0002856_-15-apple-iphone-15-pro-natural-titanium-128gb_510.webp,verified,2026-10-10
BuyMobile,אייפון טלפון סלולרי Apple iPhone 13 512GB אפל מתצוגה,Apple,אייפון טלפון סלולרי Apple iPhone 13 512GB אפל מתצוגה,phone,4,512,1490,1490,"1,490 ₪",12,🟢 In Stock,https://buy-mobile.co.il/product/%d7%90%d7%99%d7%99%d7%a4%d7%95%d7%9f-%d7%98%d7%9c%d7%a4%d7%95%d7%9f-%d7%a1%d7%9c%d7%95%d7%9c%d7%a8%d7%99-apple-iphone-13-512gb-%d7%90%d7%a4%d7%9c-%d7%aa%d7%a6%d7%95%d7%92%d7%94-%d7%aa%d7%95%d7%9e/,6.1,https://buy-mobile.co.il/wp-content/uploads/2023/09/3e6f3cfbc96e0e789086b23f54788ea2.webp,verified,2026-10-10
BuyMobile,אייפון טלפון סלולרי Apple iPhone 13 Pro 256GB אפל מתצוגה,Apple,אייפון טלפון סלולרי Apple iPhone 13 Pro 256GB אפל מתצוגה,phone,6,256,1560,1560,"1,560 ₪",12,🟢 In Stock,https://buy-mobile.co.il/product/%d7%90%d7%99%d7%99%d7%a4%d7%95%d7%9f-%d7%98%d7%9c%d7%a4%d7%95%d7%9f-%d7%a1%d7%9c%d7%95%d7%9c%d7%a8%d7%99-apple-iphone-13-pro-256gb-%d7%90%d7%a4%d7%9c-%d7%9e%d7%aa%d7%a6%d7%95%d7%92%d7%94-%d7%9e%d7%a6/,6.1,https://buy-mobile.co.il/wp-content/uploads/2023/05/0338f3e281ca2c92a3a3711e5b5c56e9.webp,verified,2026-10-10
BuyMobile,אייפון טלפון סלולרי Apple iPhone 14 128GB אפל מתצוגה,Apple,אייפון טלפון סלולרי Apple iPhone 14 128GB אפל מתצוגה,phone,4,128,1210,1210,"1,210 ₪",12,🟢 In Stock,https://buy-mobile.co.il/product/%d7%90%d7%99%d7%99%d7%a4%d7%95%d7%9f-%d7%98%d7%9c%d7%a4%d7%95%d7%9f-%d7%a1%d7%9c%d7%95%d7%9c%d7%a8%d7%99-apple-iphone-14-128gb-%d7%90%d7%a4%d7%9c-%d7%9e%d7%aa%d7%a6%d7%95%d7%92%d7%94-%d7%9e%d7%a6/,6.1,https://buy-mobile.co.il/wp-content/uploads/2023/12/14-black.webp,verified,2026-10-10
BuyMobile,אייפון טלפון סלולרי Apple iPhone 15 128GB אפל מתצוגה,Apple,אייפון טלפון סלולרי Apple iPhone 15 128GB אפל מתצוגה,phone,6,128,1630,1630,"1,630 ₪",12,🟢 In Stock,https://buy-mobile.co.il/product/%d7%90%d7%99%d7%99%d7%a4%d7%95%d7%9f-%d7%98%d7%9c%d7%a4%d7%95%d7%9f-%d7%a1%d7%9c%d7%95%d7%9c%d7%a8%d7%99-apple-iphone-15-128gb-%d7%90%d7%a4%d7%9c-2/,6.1,https://buy-mobile.co.il/wp-content/uploads/2023/12/0002892_-15-apple-iphone-15-black-128gb_510.webp,verified,2026-10-10
BuyMobile,אייפון טלפון סלולרי Apple iPhone 15 256GB אפל מתצוגה,Apple,אייפון טלפון סלולרי Apple iPhone 15 256GB אפל מתצוגה,phone,6,256,1839,1839,"1,839 ₪",12,🟢 In Stock,https://buy-mobile.co.il/product/%d7%90%d7%99%d7%99%d7%a4%d7%95%d7%9f-%d7%98%d7%9c%d7%a4%d7%95%d7%9f-%d7%a1%d7%9c%d7%95%d7%9c%d7%a8%d7%99-apple-iphone-15-256gb-%d7%90%d7%a4%d7%9c-%d7%9e%d7%90%d7%95%d7%a7%d7%98%d7%91-%d7%9e%d7%a6/,6.1,https://buy-mobile.co.il/wp-content/uploads/2023/10/15-265.webp,verified,2026-10-10
BuyMobile,אייפון טלפון סלולרי Apple iPhone 14 256GB אפל מתצוגה,Apple,אייפון טלפון סלולרי Apple iPhone 14 256GB אפל מתצוגה,phone,4,256,1399,1399,"1,399 ₪",12,🟢 In Stock,https://buy-mobile.co.il/product/%d7%90%d7%99%d7%99%d7%a4%d7%95%d7%9f-%d7%98%d7%9c%d7%a4%d7%95%d7%9f-%d7%a1%d7%9c%d7%95%d7%9c%d7%a8%d7%99-apple-iphone-14-256gb-%d7%90%d7%a4%d7%9c-%d7%9e%d7%90%d7%95%d7%a7%d7%98%d7%91-%d7%9e%d7%aa/,6.1,https://buy-mobile.co.il/wp-content/uploads/2023/11/iphone-14-blue.webp,verified,2026-10-10
BuyMobile,אייפון טלפון סלולרי Apple iPhone 14 Pro max 256GB אפל מתצוגה,Apple,אייפון טלפון סלולרי Apple iPhone 14 Pro max 256GB אפל מתצוגה,phone,8,256,1849,1849,"1,849 ₪",12,🟢 In Stock,https://buy-mobile.co.il/product/%d7%90%d7%99%d7%99%d7%a4%d7%95%d7%9f-%d7%98%d7%9c%d7%a4%d7%95%d7%9f-%d7%a1%d7%9c%d7%95%d7%9c%d7%a8%d7%99-apple-iphone-14-pro-max-256gb-%d7%90%d7%a4%d7%9c-%d7%9e%d7%aa%d7%a6%d7%95%d7%92%d7%94/,6.7,https://buy-mobile.co.il/wp-content/uploads/2023/05/846949e5e00d8afb18ad9a9b238e6ba6.webp,verified,2026-10-10
BuyMobile,אייפון טלפון סלולרי Apple iPhone 12 128GB אפל מתצוגה,Apple,אייפון טלפון סלולרי Apple iPhone 12 128GB אפל מתצוגה,phone,4,128,829,829,829 ₪,12,🟢 In Stock,https://buy-mobile.co.il/product/%d7%90%d7%99%d7%99%d7%a4%d7%95%d7%9f-%d7%98%d7%9c%d7%a4%d7%95%d7%9f-%d7%a1%d7%9c%d7%95%d7%9c%d7%a8%d7%99-apple-iphone-12-128gb-%d7%90%d7%a4%d7%9c-%d7%9e%d7%90%d7%95%d7%a7%d7%98%d7%91-%d7%9e%d7%aa/,6.1,https://buy-mobile.co.il/wp-content/uploads/2024/01/12-white.webp,verified,2026-10-10
BuyMobile,אייפון טלפון סלולרי Apple iPhone 13 256GB אפל מתצוגה,Apple,אייפון טלפון סלולרי Apple iPhone 13 256GB אפל מתצוגה,phone,4,256,1189,1189,"1,189 ₪",12,🟢 In Stock,https://buy-mobile.co.il/product/%d7%98%d7%9c%d7%a4%d7%95%d7%9f-%d7%a1%d7%9c%d7%95%d7%9c%d7%a8%d7%99-apple-iphone-13-256gb-%d7%90%d7%a4%d7%9c-%d7%aa%d7%a6%d7%95%d7%92%d7%94/,6.1,https://buy-mobile.co.il/wp-content/uploads/2023/09/3e6f3cfbc96e0e789086b23f54788ea2.webp,verified,2026-10-10
BuyMobile,אייפון טלפון סלולרי Apple iPhone 13 mini 256GB אפל מתצוגה,Apple,אייפון טלפון סלולרי Apple iPhone 13 mini 256GB אפל מתצוגה,phone,4,256,1270,1270,"1,270 ₪",12,🟢 In Stock,https://buy-mobile.co.il/product/%d7%98%d7%9c%d7%a4%d7%95%d7%9f-%d7%a1%d7%9c%d7%95%d7%9c%d7%a8%d7%99-apple-iphone-13-mini-256gb-%d7%90%d7%a4%d7%9c-%d7%aa%d7%a6%d7%95%d7%92%d7%94/,5.8,https://buy-mobile.co.il/wp-content/uploads/2024/01/13-mini-pink.webp,verified,2026-10-10
BuyMobile,אייפון טלפון סלולרי Apple iPhone 12 mini 256GB אפל מתצוגה,Apple,אייפון טלפון סלולרי Apple iPhone 12 mini 256GB אפל מתצוגה,phone,4,256,1030,1030,"1,030 ₪",12,🟢 In Stock,https://buy-mobile.co.il/product/%d7%98%d7%9c%d7%a4%d7%95%d7%9f-%d7%a1%d7%9c%d7%95%d7%9c%d7%a8%d7%99-apple-iphone-12-mini-256gb-%d7%90%d7%a4%d7%9c-%d7%9e%d7%90%d7%95%d7%a7%d7%98%d7%91/,5.8,https://buy-mobile.co.il/wp-content/uploads/2024/01/12-white.webp,verified,2026-10-10
BuyMobile,אייפון טלפון סלולרי Apple iPhone 13 mini 128GB אפל מתצוגה,Apple,אייפון טלפון סלולרי Apple iPhone 13 mini 128GB אפל מתצוגה,phone,4,128,1089,1089,"1,089 ₪",12,🟢 In Stock,https://buy-mobile.co.il/product/%d7%98%d7%9c%d7%a4%d7%95%d7%9f-%d7%a1%d7%9c%d7%95%d7%9c%d7%a8%d7%99-apple-iphone-13-mini-128gb-%d7%90%d7%a4%d7%9c-%d7%9e%d7%90%d7%95%d7%a7%d7%98%d7%91/,5.8,https://buy-mobile.co.il/wp-content/uploads/2024/01/13-mini-black.webp,verified,2026-10-10
BuyMobile,אייפון טלפון סלולרי Apple iPhone 13 Pro Max 256GB אפל מתצוגה,Apple,אייפון טלפון סלולרי Apple iPhone 13 Pro Max 256GB אפל מתצוגה,phone,8,256,1680,1680,"1,680 ₪",12,🟢 In Stock,https://buy-mobile.co.il/product/%d7%98%d7%9c%d7%a4%d7%95%d7%9f-%d7%a1%d7%9c%d7%95%d7%9c%d7%a8%d7%99-apple-iphone-13-pro-max-256gb-%d7%90%d7%a4%d7%9c-%d7%9e%d7%90%d7%95%d7%a7%d7%98%d7%91/,6.7,https://buy-mobile.co.il/wp-content/uploads/2023/07/d5eb3a9e04618681ffed3ba38f3d4ff8.webp,verified,2026-10-10
